level,input,output,iter,group,pearson_input_true,spearman_input_true,pearson_input_pred,spearman_input_pred,pearson_input_abs_error,spearman_input_abs_error,pearson_input_sq_error,spearman_input_sq_error,pearson_input_sigma,spearman_input_sigma
2,E_slope,iteration1_keff,iter1,secondary,,,0.2632969722055295,0.29418340149954236,-0.07124816147727112,-0.09665340281192428,-0.04569058418287363,-0.09665340281192428,-0.23316576463852282,-0.19192931642398062
2,E_slope,iteration1_avg_fuel_temp,iter1,secondary,-0.10881374918134923,-0.11930727605690641,-0.12940712802377496,-0.12261365544157608,-0.03468568304627502,-0.03287090420017163,-0.03205400657044353,-0.03287090420017163,-0.07214344613157171,-0.07088564597183475
2,E_slope,iteration1_max_fuel_temp,iter1,secondary,-0.10961779688084693,-0.11911137103627169,-0.14815373858453287,-0.13552117045761625,-0.01809519491386144,-0.030971950395990894,-0.012349757390913242,-0.030971950395990894,-0.06785999632192961,-0.05526525023476549
2,E_slope,iteration1_max_monolith_temp,iter1,secondary,-0.10929517998606927,-0.1190916010889187,-0.14435440315177206,-0.12670940790634086,-0.016942690598077573,-0.02251810342505465,-0.013856440715984958,-0.02251810342505465,-0.05694888660236722,-0.04403794045544487
2,E_slope,iteration1_max_global_stress,iter1,secondary,0.15496953724312523,0.15188564930054835,0.1481655118306385,0.15290099702892163,0.024331713410556278,0.004799029697594816,0.03140265310365034,0.004799029697594816,0.04295633087416441,0.04445547569638906
2,E_slope,iteration1_monolith_new_temperature,iter1,secondary,-0.107077098161867,-0.1192331712269334,-0.14379494771163412,-0.12680832468740955,-0.02715791162487483,-0.03611584019291315,-0.024047360462210912,-0.03611584019291315,-0.09134187283535729,-0.08552263250227372
2,E_slope,iteration1_Hcore_after,iter1,secondary,-0.03519746369072484,-0.039898887665498865,-0.05491898549147114,-0.0636270783032464,-0.20389233043549793,-0.1454107602032651,-0.22757023497294795,-0.1454107602032651,-0.1631324776110863,-0.15668214018853363
2,E_slope,iteration1_wall2,iter1,secondary,-0.04942361360893378,-0.07482494669182352,-0.05770102524416228,-0.08088484231899268,-0.10712720019505599,-0.09777735078730573,-0.12695332307057472,-0.09777735078730573,-0.09580671450101293,-0.04014694645642942
2,E_slope,iteration2_keff,iter2,primary,0.02609849846543038,0.039330743980851686,0.036298702513979514,0.05101337057253932,0.005578651208737951,0.017419699297542737,-0.030424013658253087,0.017419699297542737,-0.11927916860790733,-0.11528168103935953
2,E_slope,iteration2_avg_fuel_temp,iter2,secondary,-0.09203489651841167,-0.08905680578784775,-0.13975049773856923,-0.13461546101961044,0.009563388412535625,-0.008294209765794189,0.010929977925396859,-0.008294209765794189,-0.0014767680158372224,0.02437522335200679
2,E_slope,iteration2_max_fuel_temp,iter2,primary,-0.09255620446603291,-0.09013749996612834,-0.12609303271608158,-0.11740620509810025,0.015710573837798548,0.0016911338626921402,0.017285369734473498,0.0016911338626921402,-0.04146598422774377,0.004306269534570456
2,E_slope,iteration2_max_monolith_temp,iter2,primary,-0.09303518615398017,-0.09026864909486987,-0.13064177933572757,-0.11714254422574022,0.015354158046532661,-0.002972750913289261,0.019023566893569942,-0.002972750913289261,-0.039518902895369745,-0.012023017651203812
2,E_slope,iteration2_max_global_stress,iter2,primary,0.20390083414955218,0.1943689306037078,0.19140672491986593,0.1884030826110135,0.03386090752061652,-0.010821580166107202,0.061589936066574966,-0.010821580166107202,0.15752113184766375,0.1772910907002637
2,E_slope,iteration2_monolith_new_temperature,iter2,secondary,-0.0900299715168352,-0.09044898255947151,-0.12938785586419513,-0.11618593616574896,0.00026600279095917445,-0.014378719880137966,-0.00250939443565846,-0.014378719880137966,-0.0637050951446374,-0.04750556771573756
2,E_slope,iteration2_Hcore_after,iter2,secondary,-0.011746774345661366,-0.03648256840253402,-0.04481116656299704,-0.05346799041430496,-0.00539738333900402,-0.14470835650064,-0.003049183932726855,-0.14470835650064,-0.29216110689808095,-0.28683016365371894
2,E_slope,iteration2_wall2,iter2,primary,-0.04246493525808814,-0.06402895221475963,-0.05284120019474296,-0.07294427934537638,-0.13029908356137979,-0.11954814798993281,-0.12152132125449609,-0.11954814798993281,-0.0442743413817615,-0.01550558812455404
2,E_intercept,iteration1_keff,iter1,secondary,,,0.45816360779585197,0.4134661037916713,-0.2715222313760858,-0.2276233323847052,-0.286320608281187,-0.2276233323847052,-0.06952301081009406,-0.08550308573706947
2,E_intercept,iteration1_avg_fuel_temp,iter1,secondary,0.013990816607305898,0.043017021584672736,0.0181163513150646,0.03406553547505861,0.06054245208714883,0.05409720511453718,0.0703778910417131,0.05409720511453718,0.1214287998574767,0.1409502241384354
2,E_intercept,iteration1_max_fuel_temp,iter1,secondary,0.015070333848526333,0.043129990509377464,0.013847506731057094,0.034842510165616986,0.07163974057085276,0.0680552417105888,0.07688698555575685,0.0680552417105888,0.11160025071797043,0.13023587802617054
2,E_intercept,iteration1_max_monolith_temp,iter1,secondary,0.01467881803271013,0.04304410248748808,0.011442043161946358,0.033671691081411825,0.06831442663982878,0.05275093267600425,0.07756037006437731,0.05275093267600425,0.049695813767564025,0.09655901149557326
2,E_intercept,iteration1_max_global_stress,iter1,secondary,0.6893062078206872,0.6850381128317656,0.7057303434401696,0.688032233013697,0.22890829863986123,0.21643853391329407,0.19285231225570476,0.21643853391329407,0.46349939230597687,0.46779908412258364
2,E_intercept,iteration1_monolith_new_temperature,iter1,secondary,0.012080232986469574,0.04298160066241296,0.012319837467728825,0.03285163751329663,0.07126164512004113,0.06332378912990042,0.07434247852537511,0.06332378912990042,0.08517092574026515,0.13487278892172108
2,E_intercept,iteration1_Hcore_after,iter1,secondary,-0.053920320939356836,-0.04554486234253501,-0.053829633488001766,-0.04740314701769996,0.021437217617677643,-0.00688961426175635,0.053102490217420896,-0.00688961426175635,0.09307898197224353,0.07813076771288864
2,E_intercept,iteration1_wall2,iter1,secondary,-0.07464707333752653,-0.07910110492465823,-0.06236739878659946,-0.06814732623417853,0.11857673438706347,0.09178926160562609,0.13400429442152823,0.09178926160562609,0.07534014883980393,0.053264702505422014
2,E_intercept,iteration2_keff,iter2,primary,0.04110898581466254,0.042367964126292304,0.07668199344092919,0.07520060519492734,-0.01282074576802605,-0.02817287744793471,0.010882708308673264,-0.02817287744793471,0.033397283105310496,0.013206689844643666
2,E_intercept,iteration2_avg_fuel_temp,iter2,secondary,0.027360010496591782,0.047770496813299944,0.003264241392260627,0.00929189941642488,0.051462933663886566,0.025294599603551626,0.07782407721878969,0.025294599603551626,0.21953703313913614,0.269253983064476
2,E_intercept,iteration2_max_fuel_temp,iter2,primary,0.028110421318668154,0.049899155155553765,0.01241666459769199,0.02605707551266155,0.055422687063221336,0.030538421504205784,0.07374610979252998,0.030538421504205784,0.22539784673068455,0.2553436877397274
2,E_intercept,iteration2_max_monolith_temp,iter2,primary,0.027363404542370743,0.048600706035512704,0.007134630872291968,0.017110618156262376,0.05176192317451074,0.022326735488825977,0.07910140502376807,0.022326735488825977,0.22446837970152267,0.2511260611218478
2,E_intercept,iteration2_max_global_stress,iter2,primary,0.7696733600008543,0.7563381305036022,0.7805201539755774,0.7606038393649199,0.20131248009445712,0.1858980713874694,0.18231576482650624,0.1858980713874694,0.5720026910053364,0.555820353909796
2,E_intercept,iteration2_monolith_new_temperature,iter2,secondary,0.025541953615231313,0.04746395774683683,0.0031487479858063596,0.01954063947269143,0.051772358079490106,0.01435151640671818,0.08175683681306434,0.01435151640671818,0.06965535116445007,0.10099327804273624
2,E_intercept,iteration2_Hcore_after,iter2,secondary,-0.03374634761201436,-0.05130960694493535,-0.09982417054384855,-0.1031258697160549,-0.02617486466789571,-0.30907416344808825,-0.018973528675231964,-0.30907416344808825,-0.43966735764182435,-0.44363498476942365
2,E_intercept,iteration2_wall2,iter2,primary,-0.0753894863120094,-0.08107528308551086,-0.07031738777638644,-0.07559859359246099,0.0965428491922214,0.09430241526111904,0.0680345064249121,0.09430241526111904,-0.01046427464179614,-0.038850201800170896
2,nu,iteration1_keff,iter1,secondary,,,-0.2992867782362437,-0.30753792731791874,0.28642911423911777,0.2701883240303566,0.2555353178418109,0.2701883240303566,-0.29599858869685913,-0.318518144613078
2,nu,iteration1_avg_fuel_temp,iter1,secondary,0.022824177843735492,0.003124571860693858,0.032723670717744485,-0.0005023102737438963,-0.011591741593659112,0.014117968820532895,-0.031221138616784567,0.014117968820532895,-0.07988822981168092,-0.1370622575768021
2,nu,iteration1_max_fuel_temp,iter1,secondary,0.022500103418436675,0.0032596407058599003,0.03979878254268854,0.004221928574274062,-0.010991278640830177,0.01723103783895254,-0.03228561546934251,0.01723103783895254,0.008216384020236875,-0.018739504451325044
2,nu,iteration1_max_monolith_temp,iter1,secondary,0.022594885405509448,0.0031657882023751953,0.03448380475058573,0.00047213229473795046,-0.00351608725100742,0.02468353860709799,-0.02911657470251459,0.02468353860709799,0.00394421008958617,-0.038753992068816745
2,nu,iteration1_max_global_stress,iter1,secondary,0.1753662896251292,0.17667095148452847,0.19641802292936342,0.19043638706896318,0.0033365903315467874,0.027097338861762285,-0.004958879441096376,0.027097338861762285,-0.048616890708074734,-0.05985517850519889
2,nu,iteration1_monolith_new_temperature,iter1,secondary,0.02358650235129658,0.003052464402839834,0.04839763240264571,0.007014484883485908,-0.007275691780367478,0.01438067752735811,-0.029761213127802735,0.01438067752735811,-0.024335785685234448,-0.0827444466445179
2,nu,iteration1_Hcore_after,iter1,secondary,-0.027194563906703467,-0.06312343675217964,0.0010693181995339292,-0.03222334243724477,0.1735746084438728,0.193186390195206,0.13040622751712921,0.193186390195206,0.19144292308351343,0.1406920707231308
2,nu,iteration1_wall2,iter1,secondary,0.2756268934907104,0.22246951798118053,0.26869168169179186,0.21820092958479345,-0.006219214125239853,0.029249523814319008,-0.03783914613831895,0.029249523814319008,-0.2970366435281318,-0.30361350319925007
2,nu,iteration2_keff,iter2,primary,-0.09619541668347743,-0.057182150986711186,-0.13913499456486536,-0.09614174089929144,-0.040271944135955036,-0.04281043937803773,-0.013681998860968698,-0.04281043937803773,0.12294874503875045,0.06544707292791566
2,nu,iteration2_avg_fuel_temp,iter2,secondary,-0.0005317273072600377,-0.008777592210282263,0.04122893004661521,0.010925303124181569,0.0031204891477439106,0.02790959277967387,-0.01725487776493909,0.02790959277967387,-0.061742191633600306,-0.09149030195638357
2,nu,iteration2_max_fuel_temp,iter2,primary,-0.0007470639325184106,-0.011147423947609546,0.022982288504671725,-0.007026658382322251,-0.002746435545573074,0.017856319550147513,-0.019188926788228197,0.017856319550147513,0.08909550893043823,0.05090565828187762
2,nu,iteration2_max_monolith_temp,iter2,primary,-0.0010434150375020937,-0.01094343235726232,0.025186387880838868,-0.01197395144780364,-0.012293921516762816,0.0006545120639799095,-0.020644708473369276,0.0006545120639799095,-0.02830756295999221,-0.05726861955097912
2,nu,iteration2_max_global_stress,iter2,primary,0.18602728003049243,0.1798082050934018,0.20846144645068956,0.19617880453304626,0.03161047666576783,0.05478256499337623,0.014498932238131177,0.05478256499337623,-0.12194146287798054,-0.13870214645046575
2,nu,iteration2_monolith_new_temperature,iter2,secondary,-9.620378771424252e-05,-0.010268673958901636,0.020960913177963215,-0.01695310115642199,-0.011539069667310543,0.002543696735120049,-0.017716082121381132,0.002543696735120049,-0.08151470706049842,-0.13577881874502024
2,nu,iteration2_Hcore_after,iter2,secondary,-0.020631228139839964,-0.0639567408299192,-0.0016927134428995519,-0.041191708155919105,-0.011860228513876997,0.04729536684885763,-0.013075584820466137,0.04729536684885763,-0.33935375072518037,-0.34797731914806346
2,nu,iteration2_wall2,iter2,primary,0.27398160412615574,0.21843937397925148,0.26450046612502365,0.21177048421470226,-0.10041291301617648,-0.07863460575953214,-0.12321838844383902,-0.07863460575953214,-0.23096700373523135,-0.23934257200752415
2,alpha_base,iteration1_keff,iter1,secondary,,,-0.3424817738234552,-0.39204803380304265,0.20996360858555685,0.19982084177435247,0.17820092383101194,0.19982084177435247,0.05458836209247796,0.07547179576710501
2,alpha_base,iteration1_avg_fuel_temp,iter1,secondary,-0.034653190538516204,-0.02618737089529511,-0.02885238907421082,-0.006147276744025549,-0.07699751036439749,-0.0865226106589087,-0.055524861226989734,-0.0865226106589087,-0.21006996561277988,-0.24449486264207465
2,alpha_base,iteration1_max_fuel_temp,iter1,secondary,-0.03424423814951067,-0.026184058206541905,-0.02028546001058322,-0.0022937845419629304,-0.08429628920345278,-0.0947204594338412,-0.05898335711848498,-0.0947204594338412,-0.21045444026304289,-0.2257831068090028
2,alpha_base,iteration1_max_monolith_temp,iter1,secondary,-0.0343547571564856,-0.02612194095241827,-0.016408012759991975,0.006222867575306136,-0.08828948650972271,-0.09980224657578493,-0.0627190470151442,-0.09980224657578493,-0.2013811211922241,-0.25039495663887507
2,alpha_base,iteration1_max_global_stress,iter1,secondary,0.2525647916410685,0.22730000942937365,0.28336234262889237,0.25439347106420324,-0.029862646186439062,-0.057193814036071954,-0.011685144913256403,-0.057193814036071954,-0.0001662748217774453,0.011211425077252401
2,alpha_base,iteration1_monolith_new_temperature,iter1,secondary,-0.03558599183405601,-0.02616216559101722,-0.01881531934069792,0.0006733196803652704,-0.0826611752978816,-0.10108780058905784,-0.05024822059694809,-0.10108780058905784,-0.17603174665810076,-0.2304318335921158
2,alpha_base,iteration1_Hcore_after,iter1,secondary,0.845155043294301,0.84603843014272,0.8542116396540224,0.8538576859625864,0.09812749214227531,0.11474087114020472,0.0691710960974696,0.11474087114020472,0.703696462692075,0.7233589154352051
2,alpha_base,iteration1_wall2,iter1,secondary,0.8724592258385017,0.8722263112021872,0.8743402680267505,0.8743500337022937,0.07939253179899916,0.100170359966975,0.055668892568977835,0.100170359966975,-0.25636360146024867,-0.23124649427716096
2,alpha_base,iteration2_keff,iter2,primary,-0.8223578966890969,-0.8145146600312609,-0.8825493898131228,-0.8866162067200656,0.07686641003336536,0.1065106575443438,0.04657036192261692,0.1065106575443438,0.6413000492709371,0.658811986931124
2,alpha_base,iteration2_avg_fuel_temp,iter2,secondary,-0.05917793431523676,-0.05688632859388228,-0.030438183723970093,-0.013882106732467599,-0.08637272331737615,-0.09531709470253244,-0.06247813621710122,-0.09531709470253244,-0.37710441889638496,-0.4219399290006475
2,alpha_base,iteration2_max_fuel_temp,iter2,primary,-0.07324026664801915,-0.06978835561795307,-0.061273031165725904,-0.05081227526876065,-0.10894479523803371,-0.11796182686624743,-0.07698596917920487,-0.11796182686624743,-0.3732394941723671,-0.3940589397288545
2,alpha_base,iteration2_max_monolith_temp,iter2,primary,-0.0633781645533053,-0.059993908991024,-0.044193098598550515,-0.02907229202552357,-0.11230664420666397,-0.12267564640448275,-0.0797097683155298,-0.12267564640448275,-0.3859256294610183,-0.3977230175737436
2,alpha_base,iteration2_max_global_stress,iter2,primary,0.2836931731469404,0.24768466625121102,0.31773012972587267,0.2807153356587923,-0.029355744984506243,-0.039826880283391805,-0.021713072705461196,-0.039826880283391805,-0.024912924081182595,-0.02214286521434209
2,alpha_base,iteration2_monolith_new_temperature,iter2,secondary,-0.05395113090803789,-0.04806635138433807,-0.024855688920692905,-0.002697470407721103,-0.1114281952427432,-0.12470770521759278,-0.07383803452633882,-0.12470770521759278,-0.26154668493345423,-0.3017739790559044
2,alpha_base,iteration2_Hcore_after,iter2,secondary,0.22921883669924661,0.8434303678248157,0.8531279900546861,0.8589589326376662,-0.011391769576222819,0.0712309617076506,-0.012740663407696242,0.0712309617076506,0.2468113201185304,0.2688633202003501
2,alpha_base,iteration2_wall2,iter2,primary,0.8755058306636713,0.8781102210682212,0.878964580451616,0.8814437544105612,0.05243388357004647,0.09594230431762892,0.017777375128534417,0.09594230431762892,-0.31819918567651057,-0.2851227111956468
2,alpha_slope,iteration1_keff,iter1,secondary,,,-0.07794791060491887,-0.08394934866722431,0.08133856730257664,0.041807424307483285,0.0986784283672555,0.041807424307483285,-0.019267739990179902,-0.028152046286809132
2,alpha_slope,iteration1_avg_fuel_temp,iter1,secondary,-0.06704373494506032,-0.0032048284512406293,-0.047092843136187286,0.0011796382899829161,-0.10128334602030248,-0.07335659807382243,-0.07733530661303427,-0.07335659807382243,-0.17259031876279665,-0.15011547816053009
2,alpha_slope,iteration1_max_fuel_temp,iter1,secondary,-0.06489266492835603,-0.0033116507475895148,-0.042925532953901814,-0.0019787352386959767,-0.10738173295902567,-0.0810584682919491,-0.07969436418733077,-0.0810584682919491,-0.2034685165525183,-0.18399317657621383
2,alpha_slope,iteration1_max_monolith_temp,iter1,secondary,-0.06556504721712435,-0.0032787740854894605,-0.039569605830200555,0.0019059508353323432,-0.11011963843314322,-0.07926061929602944,-0.08838320617730322,-0.07926061929602944,-0.18334557794312803,-0.15355824627743628
2,alpha_slope,iteration1_max_global_stress,iter1,secondary,0.16589991751216382,0.19315914080403562,0.1893217183712923,0.21304247106863378,-0.024329245267118545,-0.006467926502471143,-0.004241331812430241,-0.006467926502471143,-0.0261618565022499,-0.01997935359717775
2,alpha_slope,iteration1_monolith_new_temperature,iter1,secondary,-0.07156253834937532,-0.0032194277735060456,-0.053091225509982076,-0.007767841236713804,-0.1230189336409415,-0.09561219586972781,-0.09219814109419049,-0.09561219586972781,-0.1588049543750255,-0.14046275235962064
2,alpha_slope,iteration1_Hcore_after,iter1,secondary,0.5820767973679691,0.5319821520056445,0.5605513671795459,0.5146064902318913,-0.10886785106547836,-0.034581185158865844,-0.1367012036344107,-0.034581185158865844,0.3256957604662649,0.3335376057122289
2,alpha_slope,iteration1_wall2,iter1,secondary,0.435620566639748,0.3989831773280623,0.4359649511986039,0.3978741435510253,0.0011355098065209486,-0.0022769060670023854,0.007678521119016564,-0.0022769060670023854,-0.11486111395183062,-0.09987599328943908
2,alpha_slope,iteration2_keff,iter2,primary,-0.4872933247596253,-0.448753649803412,-0.48678740015058164,-0.4388145693356327,0.020648544180230495,0.0107610709422897,-0.010277976515952547,0.0107610709422897,0.3213195098596722,0.3285445834056163
2,alpha_slope,iteration2_avg_fuel_temp,iter2,secondary,-0.03698466167036742,0.013690568870080473,-0.025704871561142716,0.01659293228853681,-0.05960890465868549,-0.06136661307776165,-0.022080279609589994,-0.06136661307776165,-0.1494535048555413,-0.08985617495758022
2,alpha_slope,iteration2_max_fuel_temp,iter2,primary,-0.04253822305411354,0.006606252316841077,-0.03262902367582594,0.0028868446344954457,-0.07111694026817887,-0.06676555419565762,-0.031903102410505826,-0.06676555419565762,-0.18576065732674077,-0.14355133012547777
2,alpha_slope,iteration2_max_monolith_temp,iter2,primary,-0.03688985538838195,0.012644408942280095,-0.029290934423758446,0.01581297000077699,-0.05601524473334881,-0.04701574852932306,-0.024694394231200505,-0.04701574852932306,-0.26119955886383345,-0.2088305289273872
2,alpha_slope,iteration2_max_global_stress,iter2,primary,0.2099095457463187,0.22964372160546442,0.22319150396931817,0.24340611135643664,0.009335974997022572,0.010723749393233957,0.026067651126098722,0.010723749393233957,-0.009394024868590683,-0.005190977046564508
2,alpha_slope,iteration2_monolith_new_temperature,iter2,secondary,-0.04121616278116728,0.018346238425966683,-0.015571160560333223,0.031904032847665464,-0.054917825399973995,-0.04767018772350758,-0.01845140197211758,-0.04767018772350758,-0.15456365854774154,-0.11519780572994263
2,alpha_slope,iteration2_Hcore_after,iter2,secondary,0.1633938953413331,0.527510865549092,0.5600740673461386,0.5055942985664423,-0.00514119091401138,-0.05502289735574166,-0.0032413197411055236,-0.05502289735574166,0.014761873315551382,-0.013311259186205297
2,alpha_slope,iteration2_wall2,iter2,primary,0.4394214712464285,0.3985966951931139,0.43835916034908734,0.3962777645786828,-0.01467016503526674,-0.004777231172785739,-0.034975457890435865,-0.004777231172785739,-0.23672486833836412,-0.22036376567218713
2,SS316_T_ref,iteration1_keff,iter1,secondary,,,-0.04172143236838518,-0.07248536367422011,0.22437329039703954,0.22739747986417985,0.17269527153272615,0.22739747986417985,-0.10262922017181682,-0.06145574063574847
2,SS316_T_ref,iteration1_avg_fuel_temp,iter1,secondary,0.4424578487696409,0.4398190357619396,0.48929653032411613,0.4927776728523638,0.12621050754659777,0.15316772106271082,0.11785702960101498,0.15316772106271082,0.42320200953294124,0.43220088459114586
2,SS316_T_ref,iteration1_max_fuel_temp,iter1,secondary,0.4435789326339155,0.43988876066718985,0.4931436835389728,0.49890735969150235,0.1161476977789775,0.1522720033956774,0.10735193067859718,0.1522720033956774,0.4431148754392227,0.4701120292722584
2,SS316_T_ref,iteration1_max_monolith_temp,iter1,secondary,0.44322064519792576,0.4399022723639328,0.4871659825255623,0.4904513429402085,0.1362638588266124,0.15397793443096247,0.1371580603924747,0.15397793443096247,0.4724294782814672,0.5564437695051044
2,SS316_T_ref,iteration1_max_global_stress,iter1,secondary,0.2508499933580664,0.22043187991174903,0.2604994082198065,0.23668741234870025,0.07327272411076262,0.10269911850496542,0.0733578402550573,0.10269911850496542,0.3519632874223936,0.34498275682518575
2,SS316_T_ref,iteration1_monolith_new_temperature,iter1,secondary,0.4398184376586389,0.4398273159526771,0.48442420337589104,0.4878346044810197,0.17015773169120013,0.18688097995636957,0.16649472052816153,0.18688097995636957,0.45325701739835983,0.4886217836726398
2,SS316_T_ref,iteration1_Hcore_after,iter1,secondary,0.023493279067346003,-0.014193863006368051,0.021370702671771498,-0.01610185818551036,0.14455536971858557,0.10929949637887004,0.1457491487394808,0.10929949637887004,0.1516359688959155,0.09908296431016038
2,SS316_T_ref,iteration1_wall2,iter1,secondary,0.06292567419912845,0.011856158735594235,0.05926406863135151,0.008832239460306113,0.07491581890785116,0.08299099723213946,0.07940722813865547,0.08299099723213946,0.16559648294591472,0.20863135168913222
2,SS316_T_ref,iteration2_keff,iter2,primary,-0.01909841818302983,0.023074862149068752,-0.02511581753475059,0.012546905747432653,0.09597799999138895,0.08998952044274137,0.08237143760463367,0.08998952044274137,0.20623711425816404,0.1505737026951514
2,SS316_T_ref,iteration2_avg_fuel_temp,iter2,secondary,0.40999448355697726,0.4007304921024209,0.4943249724666604,0.49797003771739623,0.03955892214826243,0.07780424669521227,0.03923987889434039,0.07780424669521227,0.4827885463071397,0.5107796496577062
2,SS316_T_ref,iteration2_max_fuel_temp,iter2,primary,0.4103090425654511,0.40043787308119044,0.4984798531644186,0.5030876684169716,0.03663047579339633,0.0778067250806842,0.03191666356447464,0.0778067250806842,0.5680731396173795,0.5839529815402132
2,SS316_T_ref,iteration2_max_monolith_temp,iter2,primary,0.4101920419025097,0.400765443359445,0.5027293510620752,0.5119109600618126,0.0302379617323212,0.07554352178266557,0.030302230143108306,0.07554352178266557,0.451852295395174,0.46408896766977775
2,SS316_T_ref,iteration2_max_global_stress,iter2,primary,0.15619949085695073,0.13559415375498188,0.15807609342723306,0.13217423099254097,0.006652702600219034,0.051433496336921916,0.015310687942547923,0.051433496336921916,0.2880488159675621,0.284466616132023
2,SS316_T_ref,iteration2_monolith_new_temperature,iter2,secondary,0.41002439334455293,0.4012347170817563,0.521430761147982,0.5223306994379993,0.08391807357756892,0.11621812810484723,0.07627645386830836,0.11621812810484723,0.49525622731141355,0.5202765339804247
2,SS316_T_ref,iteration2_Hcore_after,iter2,secondary,-0.07842596768847071,-0.03612757081177506,0.005445444564702078,-0.029845459843094998,-0.08242479631379851,0.05063662251400451,-0.08350324014143286,0.05063662251400451,-0.5798242787459891,-0.563026436131575
2,SS316_T_ref,iteration2_wall2,iter2,primary,0.03632122912208684,-0.015330199124033739,0.026404148507507455,-0.022027424293795433,-0.041748145716469565,-0.02362841683359444,-0.06904050533147722,-0.02362841683359444,0.07222110885997383,0.1051523134195101
2,SS316_k_ref,iteration1_keff,iter1,secondary,,,-0.23741040879032305,-0.21797699089665096,0.010477359750237045,-0.04676303646932017,0.07362998656977154,-0.04676303646932017,-0.32076409725517524,-0.32681943192492835
2,SS316_k_ref,iteration1_avg_fuel_temp,iter1,secondary,-0.7138864552909401,-0.7021389194008325,-0.7999990544849361,-0.8190655481508101,-0.18167557207851784,-0.1428298910453967,-0.17543277766315107,-0.1428298910453967,-0.7577617498060866,-0.7774541136370816
2,SS316_k_ref,iteration1_max_fuel_temp,iter1,secondary,-0.7163854428760081,-0.7021435892639928,-0.7989543143072028,-0.8177735373414341,-0.16576874374515577,-0.13868931211059957,-0.15711456427404166,-0.13868931211059957,-0.7450654990390269,-0.7480998984964514
2,SS316_k_ref,iteration1_max_monolith_temp,iter1,secondary,-0.7155127681823733,-0.702088976098102,-0.8067493509568197,-0.8209605653497875,-0.1841361654013873,-0.12859711109830096,-0.18578877264569318,-0.12859711109830096,-0.6406561571623465,-0.6642729594790758
2,SS316_k_ref,iteration1_max_global_stress,iter1,secondary,-0.35736647175725483,-0.3291548487918572,-0.35688361978984834,-0.3254289119384803,-0.1340896337608261,-0.11706037629815887,-0.11275656860935306,-0.11706037629815887,-0.6569472663011934,-0.6397591767760686
2,SS316_k_ref,iteration1_monolith_new_temperature,iter1,secondary,-0.7082088501850118,-0.702057588468733,-0.7943009140738222,-0.8224979661169387,-0.2348203842633885,-0.19064099265079265,-0.21734987966959435,-0.19064099265079265,-0.6860417916080338,-0.7303636979815319
2,SS316_k_ref,iteration1_Hcore_after,iter1,secondary,0.04530657428888134,0.0346960090976631,0.021437922284223226,0.0020684315081623914,-0.17959741590155373,-0.1400468108607136,-0.15927602310676045,-0.1400468108607136,0.0024680392451850116,-0.010693722665752524
2,SS316_k_ref,iteration1_wall2,iter1,secondary,0.02650033986762366,0.017010466000462264,0.022398626809759136,0.013497578362896894,-0.1615363235945056,-0.14996639967088202,-0.16570257541829286,-0.14996639967088202,-0.504704418860379,-0.4957201564876834
2,SS316_k_ref,iteration2_keff,iter2,primary,-0.06585776320330117,-0.05884683823609524,-0.038499850033100406,-0.02313420182868009,0.03755779171203192,0.03397836209972351,0.04295270477633146,0.03397836209972351,0.05829596449152528,0.03483921128145428
2,SS316_k_ref,iteration2_avg_fuel_temp,iter2,secondary,-0.6450598487873319,-0.6157285036838808,-0.8487820118248782,-0.8482871696735252,-0.06939829237457794,-0.07387270127405926,-0.05786832048522832,-0.07387270127405926,-0.70854666334237,-0.6770917518221673
2,SS316_k_ref,iteration2_max_fuel_temp,iter2,primary,-0.6458336210580786,-0.617019662094527,-0.8559531223022807,-0.8498228155184101,-0.046084057166900554,-0.049289895416466306,-0.042141871166743436,-0.049289895416466306,-0.6586563410445505,-0.616308184039638
2,SS316_k_ref,iteration2_max_monolith_temp,iter2,primary,-0.6460489445285353,-0.6164777502821369,-0.8443254451662814,-0.84421489091682,-0.056082454816472345,-0.05761340450626226,-0.05047573646904125,-0.05761340450626226,-0.7161261537424075,-0.6901661823280013
2,SS316_k_ref,iteration2_max_global_stress,iter2,primary,-0.1844355488564121,-0.18387546376154454,-0.19685297382136144,-0.18870025380153702,-0.011118457175999704,-0.03468309806686642,7.378117481257212e-05,-0.03468309806686642,-0.4451266533225116,-0.41105690819139595
2,SS316_k_ref,iteration2_monolith_new_temperature,iter2,secondary,-0.6412463486272586,-0.6147388952776329,-0.8328328811693572,-0.8353652876539734,-0.11693549315783557,-0.12027870456515583,-0.09430586241242976,-0.12027870456515583,-0.769079587899737,-0.7632564642975729
2,SS316_k_ref,iteration2_Hcore_after,iter2,secondary,-0.028864146072888414,0.0532997031136699,0.05416372947070875,0.03729248895459284,-0.05469240245940237,-0.11521580206889208,-0.051707440567586326,-0.11521580206889208,0.05358726733746827,0.03692313120232231
2,SS316_k_ref,iteration2_wall2,iter2,primary,0.0710223856081935,0.06052346545788403,0.0745874360621804,0.059533226697074164,0.013178007114786188,0.00998635940862757,0.00540310347172209,0.00998635940862757,-0.32010425193550734,-0.29179292158271264
2,SS316_alpha,iteration1_keff,iter1,secondary,,,0.11308988968110267,0.03907027115617878,0.07671115415727964,0.1464170577452679,0.020428676397945544,0.1464170577452679,-0.009126635445378908,-0.007674615545183331
2,SS316_alpha,iteration1_avg_fuel_temp,iter1,secondary,0.22873215490668566,0.25429318688100533,0.2346035950128991,0.2458278093668984,0.04808420217225555,0.03470439946087401,0.03640950778943041,0.03470439946087401,0.1392674089624387,0.15556701202583034
2,SS316_alpha,iteration1_max_fuel_temp,iter1,secondary,0.23031893862532016,0.2544602366753124,0.2339016194839911,0.24095392519923978,0.04928853612309146,0.04500194681064959,0.03552221095662204,0.04500194681064959,0.18028202718466946,0.2136259870588548
2,SS316_alpha,iteration1_max_monolith_temp,iter1,secondary,0.22973705370979877,0.25454894683763335,0.2408911950121959,0.24412676146489526,0.05524065443591345,0.04969046965756159,0.03817361985767989,0.04969046965756159,0.07619197340920443,0.08278795161902257
2,SS316_alpha,iteration1_max_global_stress,iter1,secondary,0.18207669649707853,0.16500338391603908,0.18739147797467953,0.1637459063414138,0.054353522880360904,0.06379510922202186,0.03632943901843572,0.06379510922202186,0.200193502306213,0.19548361432000702
2,SS316_alpha,iteration1_monolith_new_temperature,iter1,secondary,0.22547920001006422,0.2545516836640908,0.2323571786158635,0.24458016041717756,0.06701580051917289,0.05967457409313129,0.05046251217021267,0.05967457409313129,0.17196400590895713,0.22224712758721907
2,SS316_alpha,iteration1_Hcore_after,iter1,secondary,0.06479763874825963,0.07804847184863313,0.07925328718140716,0.08912891336756736,0.1412321499159712,0.09611909198375473,0.15204097159435856,0.09611909198375473,0.2950318995285632,0.2683708490106069
2,SS316_alpha,iteration1_wall2,iter1,secondary,0.09837486181889218,0.1121434600571745,0.10432045108004247,0.11517893313625786,0.19883108724158738,0.15245928951304438,0.21125662441381857,0.15245928951304438,-0.10315522775778303,-0.09325002310235292
2,SS316_alpha,iteration2_keff,iter2,primary,-0.06755585272885481,-0.07622873358525996,-0.10344725465716573,-0.10880152161767362,-0.037887772299463336,-0.02069495906989115,-0.04765682941715504,-0.02069495906989115,0.3666887732894665,0.33582405118274306
2,SS316_alpha,iteration2_avg_fuel_temp,iter2,secondary,-0.01593455386121139,-0.01601421898694872,-0.006197506471830987,-0.033683314318684286,0.01035955670554466,0.0034306691428337447,0.006271196869213207,0.0034306691428337447,-0.04805946395724328,-0.07687663521462836
2,SS316_alpha,iteration2_max_fuel_temp,iter2,primary,-0.018914559641047445,-0.01750173150198854,-0.01057993471953796,-0.031411582610170595,0.0007839769091319464,-0.002035192131308817,-1.5437164259311537e-05,-0.002035192131308817,-0.0495984157907534,-0.07305131845934384
2,SS316_alpha,iteration2_max_monolith_temp,iter2,primary,-0.01764743948661504,-0.016438686983048623,0.029671927961268593,0.00666219463710477,-0.0019924293245430413,-0.009716730340381995,0.0011724587593903387,-0.009716730340381995,0.09252554164254743,0.09012178901277186
2,SS316_alpha,iteration2_max_global_stress,iter2,primary,0.047633409041576036,0.03046626033895277,0.05838866170013887,0.041721305069193526,0.03450119808367146,0.0474051063444959,0.019527586255007376,0.0474051063444959,-0.05045461243884086,-0.0564972999279287
2,SS316_alpha,iteration2_monolith_new_temperature,iter2,secondary,-0.01129710775105461,-0.016092669471236255,0.02740577298350404,0.0062841684807184465,0.0128204526725536,0.011301147824842183,0.00633030980427879,0.011301147824842183,-0.0538039317370202,-0.08132920244971821
2,SS316_alpha,iteration2_Hcore_after,iter2,secondary,0.024608920212385036,0.06764156403523473,0.08352686848762718,0.09310567065898334,0.011353141879734978,0.01902306914425723,0.010227808728958752,0.01902306914425723,-0.03623100039239163,-0.03636456410353947
2,SS316_alpha,iteration2_wall2,iter2,primary,0.07630896186215345,0.0888549431064822,0.08234025379334625,0.09509125256369812,0.06958341031005531,0.08245990582597168,0.06308277973961919,0.08245990582597168,-0.04376351042591955,-0.0438068673559698
