total_iterations,E_slope,E_intercept,nu,alpha_base,alpha_slope,SS316_T_ref,SS316_k_ref,SS316_alpha,iteration1_avg_fuel_temp,iteration1_max_fuel_temp,iteration1_max_monolith_temp,iteration1_max_global_stress,iteration1_monolith_new_temperature,iteration1_Hcore_after,iteration1_wall2,iteration2_avg_fuel_temp,iteration2_max_fuel_temp,iteration2_max_monolith_temp,iteration2_max_global_stress,iteration2_monolith_new_temperature,iteration2_Hcore_after,iteration2_wall2,iteration3_avg_fuel_temp,iteration3_max_fuel_temp,iteration3_max_monolith_temp,iteration3_max_global_stress,iteration3_monolith_new_temperature,iteration3_Hcore_after,iteration3_wall2
2,-92583098.54679674,146878709539.66397,0.3978620045924922,5.607387765850245e-06,5.533481982774067e-09,1203.7171632193736,26.33764551819085,0.021633472539827628,979.56,1045.98,1015.4809624554936,54.58,923.2863422040882,151.71404703654014,29.840412039328914,942.05,982.81,943.6278520118606,22.06,908.85739325799,151.67637543137238,29.8325190933081,N/A,N/A,N/A,N/A,N/A,N/A,N/A
2,-92583098.54679674,177765026527.46338,0.3978620045924922,5.607387765850245e-06,5.533481982774067e-09,1203.7171632193736,26.33764551819085,0.021633472539827628,979.56,1045.98,1015.4809624554935,82.04,923.2863422040882,151.71404703654017,29.840412039328797,942.05,982.62,943.5451377763294,32.89,908.8567164409196,151.67637367242088,29.832517265449404,N/A,N/A,N/A,N/A,N/A,N/A,N/A
2,-92583098.54679674,177765026527.46338,0.3978620045924922,6.923041504834857e-06,5.533481982774067e-09,1203.7171632193736,26.33764551819085,0.021633472539827628,979.56,1045.98,1015.4809624554936,92.11,923.2863422040882,151.8962558065104,29.866858260717294,942.0,982.46,943.4546354201275,36.96,908.8504124681702,151.8557171565456,29.858181332258376,N/A,N/A,N/A,N/A,N/A,N/A,N/A
2,-43969345.09262253,177765026527.46338,0.3978620045924922,5.607387765850245e-06,5.533481982774067e-09,1203.7171632193736,26.33764551819085,0.021633472539827628,979.56,1045.98,1015.4809624554933,121.95,923.2863422040883,151.71404703654014,29.840412039331646,942.05,982.62,943.4828937982488,48.42,908.8570527365797,151.67637454640547,29.832517295357047,N/A,N/A,N/A,N/A,N/A,N/A,N/A
2,-92583098.54679674,177765026527.46338,0.3978620045924922,5.607387765850245e-06,7.498086015375367e-09,1203.7171632193736,26.33764551819085,0.021633472539827628,979.56,1045.98,1015.4809624554938,95.93,923.2863422040884,152.04688344740066,29.876873450007587,941.96,982.61,943.474279059683,38.36,908.842332251885,152.00009726534228,29.8673451729728,N/A,N/A,N/A,N/A,N/A,N/A,N/A
2,-92583098.54679674,177765026527.46338,0.22235503769811327,5.607387765850245e-06,5.533481982774067e-09,1203.7171632193736,26.33764551819085,0.021633472539827628,979.56,1045.98,1015.4809624554935,63.42,923.2863422040882,151.71404703741774,29.81336665605482,942.05,982.43,943.419515038249,25.45,908.8583697640793,151.67637797003385,29.80646313309071,N/A,N/A,N/A,N/A,N/A,N/A,N/A
2,-65283129.069962814,272076728884.579,0.3705069921177959,7.879845971224125e-06,3.4437698492528577e-09,1219.2375980950524,26.502213080804367,0.016516318021501386,980.13,1046.92,1016.56698527651,187.49,923.5052068500509,151.675236094373,29.843069653172545,952.76,1000.59,964.0628185243004,105.92,912.9995787125456,151.65122420462504,29.837702836053403,N/A,N/A,N/A,N/A,N/A,N/A,N/A
2,-87183977.97681992,172079521857.4899,0.40428155585560355,1.4462184766332549e-05,5.735083301882971e-09,648.2595071652731,33.77327294853596,0.010375257908654442,938.04,976.75,935.7390434740374,50.82,907.2193469906613,152.9102265356719,30.00910697884951,934.98,970.64,930.3037850946763,44.02,906.1872551438688,152.90611116008364,30.008148278587406,N/A,N/A,N/A,N/A,N/A,N/A,N/A
2,-63103325.02396518,172079521857.4899,0.4835419132683184,9.447143989261808e-06,2.3299065842254325e-09,990.2457704863969,17.67411464945082,0.020837128701313972,1051.4,1165.74,1154.5730349487771,274.02,951.0752108495598,151.76358338568826,29.887898749598836,948.2,992.74,955.2301564422162,64.06,911.2425257383867,151.67703606848278,29.865768901045016,N/A,N/A,N/A,N/A,N/A,N/A,N/A
2,-52180558.42059508,162899889424.19556,0.30523936658661044,9.749400069130894e-06,4.791524337343084e-09,995.9631530051957,21.216109628839657,0.014762387678046262,970.58,1031.0,998.2339488921618,99.93,919.8106270670402,152.1515500705936,29.8888297444947,948.64,993.54,956.2110468880934,59.1,911.4339774405804,152.12646873491326,29.883555142886536,N/A,N/A,N/A,N/A,N/A,N/A,N/A
2,-65283129.069962814,272076728884.579,0.13829107507119606,1.178308572921084e-05,3.4437698492528577e-09,1219.2375980950524,26.502213080804367,0.016516318021501386,980.13,1046.92,1016.5669852765092,184.99,923.505206850051,152.215935433825,29.870039940858383,952.59,1000.14,963.756359407595,104.29,912.9609522169771,152.18566195579092,29.8641928981985,N/A,N/A,N/A,N/A,N/A,N/A,N/A
2,-73492815.60333207,133679331048.17845,0.1974767150342061,6.565808770247116e-06,6.962084614778812e-09,857.7710261402449,15.507439489471576,0.011382472791168378,993.17,1068.66,1041.5989345672483,64.58,928.5499336237668,152.10582275169418,29.851787111635325,961.94,1015.55,981.4296686921307,38.35,916.5742054065315,152.0672004091081,29.84489507897382,N/A,N/A,N/A,N/A,N/A,N/A,N/A
2,-52180558.42059508,162899889424.19556,0.30523936658661044,9.749400069130894e-06,4.791524337343084e-09,918.835869090642,21.216109628839657,0.014762387678046262,973.6,1036.04,1004.0383348459867,105.6,920.9803474893296,152.1550604692274,29.88956775168234,951.44,998.08,961.4559371357291,64.29,912.5170033672281,152.12970585007145,29.884234977314396,N/A,N/A,N/A,N/A,N/A,N/A,N/A
2,-73492815.60333207,133679331048.17845,0.1974767150342061,6.565808770247116e-06,6.962084614778812e-09,857.7710261402449,25.34043430389847,0.011382472791168378,945.15,988.6,949.3926367759176,23.88,909.9691767415344,152.0460270149874,29.841124458054452,938.96,977.44,937.6779663698968,18.71,907.6837199558246,152.03872186518723,29.839819850832747,N/A,N/A,N/A,N/A,N/A,N/A,N/A
2,-65283129.069962814,272076728884.579,0.3705069921177959,1.178308572921084e-05,3.4437698492528577e-09,1219.2375980950524,26.502213080804367,0.007145534167046085,955.79,1006.35,969.8357727290932,155.28,914.088026350579,152.1888924003362,29.913742630101957,949.36,994.82,957.5803775052863,129.9,911.7138171177272,152.18208891689287,29.912156958625435,N/A,N/A,N/A,N/A,N/A,N/A,N/A
2,-65283129.069962814,272076728884.579,0.3705069921177959,1.178308572921084e-05,3.4437698492528577e-09,1219.2375980950524,26.502213080804367,0.016516318021501386,967.84,1026.42,992.9619221508195,203.98,918.7482028390338,152.20226343667142,29.91685020116401,946.33,989.71,951.7923740556623,117.66,910.5402487821242,152.1787281152005,29.911373071092175,N/A,N/A,N/A,N/A,N/A,N/A,N/A
2,-65283129.069962814,272076728884.579,0.3705069921177959,1.178308572921084e-05,3.4437698492528577e-09,507.9962035941813,26.502213080804367,0.016516318021501386,951.45,999.11,961.4941761082677,137.71,912.4072547718175,152.18407541501242,29.912623246914034,942.47,983.31,944.501803418939,102.17,909.043742586837,152.17444456556976,29.91038156312962,N/A,N/A,N/A,N/A,N/A,N/A,N/A
2,-52180558.42059508,210770244435.56857,0.30523936658661044,9.749400069130894e-06,4.791524337343084e-09,995.9631530051957,21.216109628839657,0.014762387678046262,978.79,1044.68,1013.9872510268523,163.43,922.9853171846479,152.16108207405557,29.890833895965375,952.98,1000.72,964.482113455292,95.07,913.111940591869,152.13148480782843,29.884608929105827,N/A,N/A,N/A,N/A,N/A,N/A,N/A
2,-52180558.42059508,162899889424.19556,0.30523936658661044,9.749400069130894e-06,4.791524337343084e-09,995.9631530051957,30.06387542053786,0.014762387678046262,954.21,1003.7,966.7917461289315,69.19,913.4746633948184,152.13256965686784,29.884840802505213,944.1,985.89,947.4855079690781,50.53,909.6728810715348,152.12120849804074,29.882451232781236,N/A,N/A,N/A,N/A,N/A,N/A,N/A
2,-73492815.60333207,133679331048.17845,0.1974767150342061,6.565808770247116e-06,6.2896188957502964e-09,857.7710261402449,15.507439489471576,0.011382472791168378,968.05,1026.79,993.3798115337262,41.34,918.8324158188532,151.96149590780522,29.83564663395855,948.24,993.0,955.4095846361773,25.4,911.2674276160249,151.93884255999,29.831566740863675,N/A,N/A,N/A,N/A,N/A,N/A,N/A
2,-106965750.07293385,272076728884.579,0.3705069921177959,1.178308572921084e-05,3.4437698492528577e-09,1219.2375980950524,26.502213080804367,0.016516318021501386,980.13,1046.92,1016.5669852765093,207.55,923.505206850051,152.21593543261443,29.920028412244573,952.58,1000.03,963.6832140202789,117.27,912.963568292817,152.1856694513339,29.912987363041594,N/A,N/A,N/A,N/A,N/A,N/A,N/A
2,-65283129.069962814,272076728884.579,0.3705069921177959,1.178308572921084e-05,3.4437698492528577e-09,1219.2375980950524,23.11509459241615,0.016516318021501386,1004.18,1087.02,1062.740376154,350.7,932.8106790647448,152.24274767324343,29.926263456993276,957.69,1008.64,973.5240124211227,163.29,914.9378209948318,152.19132896903687,29.914304703984488,N/A,N/A,N/A,N/A,N/A,N/A,N/A
2,-65283129.069962814,272076728884.579,0.3705069921177959,1.178308572921084e-05,4.791947213352581e-09,1219.2375980950524,26.502213080804367,0.016516318021501386,980.13,1046.92,1016.5669852765097,274.76,923.505206850051,152.44443398983884,29.944576587034245,952.51,999.59,963.4517866513104,154.59,912.942425957396,152.40954380932502,29.936720605763828,N/A,N/A,N/A,N/A,N/A,N/A,N/A
2,-87183977.97681992,202540362456.46454,0.40428155585560355,1.4462184766332549e-05,5.735083301882971e-09,648.2595071652731,33.77327294853596,0.010375257908654442,937.74,976.24,935.1515580687058,66.47,907.1010718147553,152.90975483081758,30.008997972334676,934.74,970.34,929.7896039878625,57.65,906.091551582148,152.9057296433887,30.00805693776304,N/A,N/A,N/A,N/A,N/A,N/A,N/A
2,-52180558.42059508,162899889424.19556,0.30523936658661044,9.749400069130894e-06,4.791524337343084e-09,995.9631530051957,21.216109628839657,0.014762387678046262,978.79,1044.68,1013.9872510268523,115.32,922.985317184648,152.1610820740554,29.890833895963855,952.98,1000.62,964.4189623539213,67.2,913.1098050976234,152.13147842144812,29.8846047722717,N/A,N/A,N/A,N/A,N/A,N/A,N/A
2,-87183977.97681992,202540362456.46454,0.40428155585560355,1.4462184766332549e-05,5.735083301882971e-09,990.2457704863969,33.77327294853596,0.010375257908654442,939.94,979.91,939.3825508895493,73.67,907.9529818339524,152.91315295455564,30.009783213460697,936.23,972.81,932.6598596666655,62.53,906.6660509297374,152.908020088329,30.008591492125735,N/A,N/A,N/A,N/A,N/A,N/A,N/A
2,-87183977.97681992,202540362456.46454,0.40428155585560355,9.447143989261808e-06,5.735083301882971e-09,648.2595071652731,33.77327294853596,0.010375257908654442,938.04,976.75,935.7390434740372,50.26,907.2193469906613,152.2277652301283,29.91115141485035,935.12,971.04,930.4282500843805,43.66,906.2053599534003,152.22448480803902,29.910421164081793,N/A,N/A,N/A,N/A,N/A,N/A,N/A
2,-65283129.069962814,272076728884.579,0.3705069921177959,1.178308572921084e-05,3.4437698492528577e-09,1219.2375980950524,26.502213080804367,0.016516318021501386,980.13,1046.92,1016.5669852765102,253.65,923.5052068500509,152.21593543261437,29.920028412244534,952.59,999.91,963.6031407289645,142.75,912.9630602305947,152.18566799540886,29.91298609447073,N/A,N/A,N/A,N/A,N/A,N/A,N/A
2,-52180558.42059508,162899889424.19556,0.30523936658661044,1.052386834948226e-05,4.791524337343084e-09,995.9631530051957,21.216109628839657,0.014762387678046262,978.79,1044.68,1013.9872510268516,121.62,922.9853171846479,152.26830550222763,29.905361222803013,952.94,1000.37,964.2835619694514,70.79,913.1036443926895,152.2375354692109,29.898833783710856,N/A,N/A,N/A,N/A,N/A,N/A,N/A
2,-87183977.97681992,202540362456.46454,0.40428155585560355,1.4462184766332549e-05,5.735083301882971e-09,648.2595071652731,17.67411464945082,0.010375257908654442,954.33,1003.9,967.0218636136636,120.56,913.5210309396158,152.93539370407746,30.01492245060299,944.04,985.42,947.3668858248078,87.83,909.6917286687315,152.9200923941137,30.011373582388455,N/A,N/A,N/A,N/A,N/A,N/A,N/A
2,-79032163.44124684,162899889424.19556,0.30523936658661044,9.749400069130894e-06,4.791524337343084e-09,995.9631530051957,21.216109628839657,0.014762387678046262,978.79,1044.68,1013.9872510268509,90.41,922.985317184648,152.16108207405537,29.890833895964715,952.98,1000.5,964.3527337429953,52.88,913.1118189237535,152.1314844439692,29.884606448314845,N/A,N/A,N/A,N/A,N/A,N/A,N/A
2,-106965750.07293385,294107921637.1599,0.13829107507119606,7.879845971224125e-06,4.791947213352581e-09,507.9962035941813,23.11509459241615,0.007145534167046085,946.85,991.44,952.6676176271952,65.95,910.6289342580403,151.8687630100605,29.820240693047275,942.51,983.59,944.5493000836381,56.61,909.0427870739269,151.86447156171138,29.81947006539022,N/A,N/A,N/A,N/A,N/A,N/A,N/A
2,-73492815.60333207,133679331048.17845,0.1974767150342061,6.565808770247116e-06,6.962084614778812e-09,857.7710261402449,15.507439489471576,0.011382472791168378,968.05,1026.79,993.3798115337265,43.41,918.8324158188531,152.07446033781952,29.84618984489872,948.21,992.65,955.3479608909769,26.66,911.2611200062211,152.05016136140415,29.841858049336846,N/A,N/A,N/A,N/A,N/A,N/A,N/A
2,-73492815.60333207,133679331048.17845,0.35922666385562063,6.565808770247116e-06,6.962084614778812e-09,857.7710261402449,15.507439489471576,0.011382472791168378,968.05,1026.79,993.3798115337265,54.43,918.8324158188531,152.0744603369924,29.87606684638521,948.21,992.83,955.319891204741,33.38,911.2606607661885,152.05015989035374,29.871148839941497,N/A,N/A,N/A,N/A,N/A,N/A,N/A
2,-87183977.97681992,202540362456.46454,0.40428155585560355,1.4462184766332549e-05,2.3299065842254325e-09,648.2595071652731,33.77327294853596,0.010375257908654442,938.04,976.75,935.7390434740371,56.87,907.2193469906613,152.35081759107476,29.948766799118573,935.1,971.2,930.459173356302,49.44,906.2023956281661,152.3478603585349,29.94802155982804,N/A,N/A,N/A,N/A,N/A,N/A,N/A
2,-73492815.60333207,133679331048.17845,0.1974767150342061,6.565808770247116e-06,6.962084614778812e-09,1435.8256058451839,15.507439489471576,0.011382472791168378,1080.98,1215.05,1212.507117975456,136.54,962.5132129081443,152.2169854608737,29.87171171223831,962.98,1017.12,983.4456298365775,39.2,916.982411881226,152.0685119649122,29.84512669187807,N/A,N/A,N/A,N/A,N/A,N/A,N/A
2,-65283129.069962814,294107921637.1599,0.3705069921177959,1.178308572921084e-05,3.4437698492528577e-09,1219.2375980950524,26.502213080804367,0.016516318021501386,980.13,1046.92,1016.5669852765095,280.04,923.505206850051,152.2159354326144,29.92002841224356,952.59,1000.22,963.8495078408674,157.68,912.959517560899,152.18565784338904,29.912988341029845,N/A,N/A,N/A,N/A,N/A,N/A,N/A
2,-73492815.60333207,133679331048.17845,0.1974767150342061,1.2083619896077836e-05,6.962084614778812e-09,857.7710261402449,15.507439489471576,0.011382472791168378,968.05,1026.79,993.3798115337262,61.88,918.8324158188532,152.8349519003058,29.9403426509775,947.99,992.2,955.047518622486,37.86,911.2152217518203,152.8042014494501,29.934504543741312,N/A,N/A,N/A,N/A,N/A,N/A,N/A
2,-79032163.44124684,210770244435.56857,0.25163790569527067,1.052386834948226e-05,5.84144467529459e-09,918.835869090642,30.06387542053786,0.011180317308236187,945.92,989.89,950.8816720382987,67.19,910.2691431522028,152.40223513250874,29.902554776418548,940.31,979.56,940.3360702056852,54.46,908.2205271112207,152.39519847176985,29.901151227079716,N/A,N/A,N/A,N/A,N/A,N/A,N/A
2,-52180558.42059508,162899889424.19556,0.30523936658661044,9.749400069130894e-06,5.84144467529459e-09,995.9631530051957,21.216109628839657,0.014762387678046262,978.79,1044.68,1013.9872510268516,123.2,922.985317184648,152.33885419129206,29.90901135661247,952.92,1000.65,964.4118654345002,71.58,913.0970759807755,152.30588599325097,29.902217138732826,N/A,N/A,N/A,N/A,N/A,N/A,N/A
2,-8463953.789781824,147701127599.12775,0.35922666385562063,1.2083619896077836e-05,6.2896188957502964e-09,1435.8256058451839,25.34043430389847,0.015848139680046086,1010.36,1097.32,1074.600879097297,292.64,935.2010098975526,152.7849206278523,29.984675306132292,959.28,1010.9,976.6205354589277,131.69,915.5821678142503,152.7095512365601,29.968255724274222,N/A,N/A,N/A,N/A,N/A,N/A,N/A
2,-8463953.789781824,133679331048.17845,0.1974767150342061,6.565808770247116e-06,6.962084614778812e-09,857.7710261402449,15.507439489471576,0.011382472791168378,968.05,1026.79,993.3798115337262,82.61,918.8324158188531,152.0744603378195,29.84618984489809,948.21,992.94,955.3297450936138,50.32,911.2629472972961,152.05016721138543,29.84185503321474,N/A,N/A,N/A,N/A,N/A,N/A,N/A
2,-52180558.42059508,162899889424.19556,0.30523936658661044,9.749400069130894e-06,4.791524337343084e-09,995.9631530051957,21.216109628839657,0.011180317308236187,968.58,1027.67,994.3995430818476,96.18,919.037912293479,152.1492321876453,29.8883424907461,952.67,1000.17,963.9340911455527,66.68,912.9892337546688,152.13111785304997,29.88453186604639,N/A,N/A,N/A,N/A,N/A,N/A,N/A
2,-63103325.02396518,202540362456.46454,0.40428155585560355,1.4462184766332549e-05,5.735083301882971e-09,648.2595071652731,33.77327294853596,0.010375257908654442,938.04,976.75,935.7390434740372,79.41,907.2193469906612,152.91022653567185,30.009106978850163,934.98,970.6,930.2756619264082,68.82,906.1863537604203,152.90610756669727,30.008147449235597,N/A,N/A,N/A,N/A,N/A,N/A,N/A
2,-73492815.60333207,133679331048.17845,0.1974767150342061,6.565808770247116e-06,6.962084614778812e-09,857.7710261402449,15.507439489471576,0.015848139680046086,984.58,1054.34,1025.114727953878,57.37,925.2278318041867,152.0950787794504,29.84986841844964,947.65,991.58,954.2071512515522,26.19,911.0446564656272,152.04946841351483,29.841731609323666,N/A,N/A,N/A,N/A,N/A,N/A,N/A
2,-87183977.97681992,202540362456.46454,0.4835419132683184,1.4462184766332549e-05,5.735083301882971e-09,648.2595071652731,33.77327294853596,0.010375257908654442,938.04,976.75,935.7390434740374,78.25,907.2193469906613,152.91022653342634,30.030786566518273,934.98,970.64,930.2196606197214,67.75,906.1871150663953,152.9061105994191,30.029770855986136,N/A,N/A,N/A,N/A,N/A,N/A,N/A
2,-87183977.97681992,202540362456.46454,0.40428155585560355,1.4462184766332549e-05,5.735083301882971e-09,648.2595071652731,33.77327294853596,0.010375257908654442,938.04,976.75,935.7390434740372,67.47,907.2193469906613,152.91022653567188,30.009106978852845,934.98,970.79,930.3361638426834,58.45,906.187209888079,152.9061109796703,30.008148116010837,N/A,N/A,N/A,N/A,N/A,N/A,N/A
2,-52180558.42059508,162899889424.19556,0.25163790569527067,9.749400069130894e-06,4.791524337343084e-09,995.9631530051957,21.216109628839657,0.014762387678046262,978.79,1044.68,1013.9872510268509,107.02,922.9853171846479,152.16108207432956,29.87991720103235,952.98,1000.67,964.4188836243413,62.36,913.1080490945433,152.13147317024436,29.87394585429157,N/A,N/A,N/A,N/A,N/A,N/A,N/A
2,-73492815.60333207,147701127599.12775,0.1974767150342061,6.565808770247116e-06,6.962084614778812e-09,857.7710261402449,15.507439489471576,0.011382472791168378,968.05,1026.79,993.3798115337262,52.61,918.8324158188532,152.07446033781957,29.846189844898444,948.21,992.91,955.4657693078466,32.26,911.261497045726,152.05016256847674,29.84185775884615,N/A,N/A,N/A,N/A,N/A,N/A,N/A
2,-87183977.97681992,202540362456.46454,0.40428155585560355,1.4462184766332549e-05,5.735083301882971e-09,648.2595071652731,33.77327294853596,0.020837128701313972,940.0,980.01,939.4937942441869,73.86,907.9753836420617,152.91324232839582,30.009803865214998,934.18,969.26,928.703796994378,55.82,905.8772542344084,152.9048754165974,30.007859817289305,N/A,N/A,N/A,N/A,N/A,N/A,N/A
2,-85641940.1413393,298666732588.03937,0.42692380697052423,9.703224934616121e-06,4.644488395630927e-09,1105.139773625896,25.11304574015501,0.013451327865962478,977.81,1043.05,1012.1130003307867,260.45,922.6076036737271,152.12867880342662,29.911629650137932,957.1,1007.44,972.207218416616,171.94,914.7017315040791,152.10540004178543,29.906264630072005,N/A,N/A,N/A,N/A,N/A,N/A,N/A
2,-75935853.15180492,298666732588.03937,0.3125812580882853,1.4879240389910795e-05,5.13789130552383e-09,555.9670586581199,27.250537432692305,0.01386070607695725,947.4,992.35,953.7157386195023,157.11,910.840091032039,152.88286425674625,29.98481188333004,940.49,979.89,940.7929114749063,122.16,908.3161758152706,152.87310910924722,29.982668110144427,N/A,N/A,N/A,N/A,N/A,N/A,N/A
2,-41946855.01659304,209983664886.76962,0.2802002381024512,1.5318902962144527e-05,7.232768196148372e-09,528.1701013488284,11.000072556373052,0.011416404376975279,976.01,1040.05,1008.6608174579198,246.12,921.9118958831111,153.3405535490193,30.028628655328095,951.05,996.84,960.7462799427458,142.09,912.4244526646924,153.2967840885932,30.019554008931287,N/A,N/A,N/A,N/A,N/A,N/A,N/A
2,-41946855.01659304,209983664886.76962,0.2802002381024512,1.5318902962144527e-05,7.232768196148372e-09,984.3060126790103,11.000072556373052,0.011416404376975279,1061.41,1182.42,1174.1717924957366,606.46,954.9446134473703,153.49447082587886,30.060553225077484,963.54,1017.81,984.6850783725259,194.34,917.2680420473274,153.3191051468255,30.024174990265294,N/A,N/A,N/A,N/A,N/A,N/A,N/A
2,-41946855.01659304,79312891388.69962,0.2802002381024512,1.5318902962144527e-05,7.232768196148372e-09,528.1701013488284,11.000072556373052,0.011416404376975279,976.04,1040.11,1008.724457265943,58.42,921.9247209829653,153.34061284864487,30.028640935654437,951.07,997.11,960.9427550892798,33.97,912.4302134537002,153.29681060621155,30.019564750105992,N/A,N/A,N/A,N/A,N/A,N/A,N/A
2,-41946855.01659304,209983664886.76962,0.2802002381024512,1.5318902962144527e-05,7.232768196148372e-09,528.1701013488284,21.2388983255337,0.011416404376975279,947.35,992.26,953.6120857955092,125.52,910.8192087331103,153.28939775954066,30.01804000400063,940.15,979.07,940.1589049415182,96.58,908.2044524877194,153.2773782571676,30.01554043689388,N/A,N/A,N/A,N/A,N/A,N/A,N/A
2,-72706362.60211618,298913797381.59436,0.09396077114195342,1.001733192586487e-05,4.392242254276306e-09,1446.0519956638173,22.682764006889027,0.01684320586886072,1082.65,1217.84,1215.7763994392594,476.89,963.1586727609663,152.2487969644128,29.86734287435255,959.86,1012.12,977.5607002082191,122.97,915.7801124946687,152.10959099122556,29.842478447831297,N/A,N/A,N/A,N/A,N/A,N/A,N/A
2,-85641940.1413393,190936579371.13177,0.42692380697052423,9.703224934616121e-06,4.644488395630927e-09,1105.139773625896,25.11304574015501,0.013451327865962478,962.95,1018.28,983.5875229197956,100.3,916.8591036453853,152.11174376260743,29.907727098126248,947.95,992.63,954.9744410879804,67.64,911.165847258814,152.09501685106034,29.903868726099315,N/A,N/A,N/A,N/A,N/A,N/A,N/A
2,-41946855.01659304,209983664886.76962,0.2802002381024512,1.5318902962144527e-05,7.232768196148372e-09,528.1701013488284,11.000072556373052,0.011416404376975279,976.04,1040.11,1008.7244572659429,246.26,921.9247209829653,153.34061284864458,30.028640935654614,951.06,996.79,960.7522477507232,142.2,912.4312603819933,153.29681542535863,30.01956557460457,N/A,N/A,N/A,N/A,N/A,N/A,N/A
2,-85641940.1413393,190936579371.13177,0.42692380697052423,9.703224934616121e-06,4.644488395630927e-09,555.9670586581199,25.11304574015501,0.013451327865962478,959.4,1012.36,976.7668983854121,92.52,915.4846742668725,152.10770152369102,29.906795896521405,948.93,993.99,956.7466134996428,69.85,911.5442530439046,152.09612721438899,29.904123660692655,N/A,N/A,N/A,N/A,N/A,N/A,N/A
2,-85641940.1413393,190936579371.13177,0.42692380697052423,1.4879240389910795e-05,4.644488395630927e-09,1105.139773625896,25.11304574015501,0.013451327865962478,977.81,1043.05,1012.1130003307867,181.81,922.607603673727,152.8449934885306,30.01768994233428,956.85,1006.5,971.6314206233733,119.57,914.646919651455,152.81537294436924,30.010555202523456,N/A,N/A,N/A,N/A,N/A,N/A,N/A
2,-41946855.01659304,209983664886.76962,0.2802002381024512,9.903731962093543e-06,7.232768196148372e-09,528.1701013488284,11.000072556373052,0.011416404376975279,976.04,1040.11,1008.7244572659434,185.61,921.9247209829653,152.5917558433642,29.929228210149134,951.29,997.94,961.3512340075948,107.66,912.4849338877805,152.55587319862377,29.92212301191411,N/A,N/A,N/A,N/A,N/A,N/A,N/A
2,-85641940.1413393,190936579371.13177,0.42692380697052423,9.703224934616121e-06,4.644488395630927e-09,1105.139773625896,27.250537432692305,0.013451327865962478,970.78,1031.33,998.6158154394179,117.39,919.8875817238937,152.12065989894964,29.90978149489524,954.25,1002.81,966.9050546375402,81.56,913.6035425641139,152.10217332423701,29.90551793343199,N/A,N/A,N/A,N/A,N/A,N/A,N/A
2,-55427957.86464118,209983664886.76962,0.2802002381024512,1.5318902962144527e-05,7.232768196148372e-09,528.1701013488284,11.000072556373052,0.011416404376975279,976.04,1040.11,1008.724457265943,228.4,921.9247209829653,153.34061284864464,30.028640935654863,951.06,996.97,960.8071543480202,131.93,912.4307416137731,153.29681303740077,30.019561173594884,N/A,N/A,N/A,N/A,N/A,N/A,N/A
2,-72706362.60211618,298913797381.59436,0.09396077114195342,1.001733192586487e-05,3.842741853886827e-09,1446.0519956638173,22.682764006889027,0.01684320586886072,1082.65,1217.84,1215.7763994392576,459.18,963.1586727609662,152.14851680350003,29.858340655372526,959.89,1012.42,977.8349945725106,118.59,915.7861822474367,152.01783655805502,29.834686842762444,N/A,N/A,N/A,N/A,N/A,N/A,N/A
2,-72706362.60211618,298913797381.59436,0.4263095671679088,1.001733192586487e-05,3.842741853886827e-09,1446.0519956638173,22.682764006889027,0.01684320586886072,1082.65,1217.84,1215.7763994392576,727.37,963.1586727609663,152.14851680153114,29.92922786386819,959.9,1012.13,977.571973530437,187.85,915.7848342096842,152.01783287436234,29.898388409243598,N/A,N/A,N/A,N/A,N/A,N/A,N/A
2,-85641940.1413393,190936579371.13177,0.42692380697052423,9.703224934616121e-06,5.13789130552383e-09,1105.139773625896,25.11304574015501,0.013451327865962478,977.81,1043.05,1012.1130003307867,137.03,922.6076036737272,152.21216161925264,29.92095738065918,957.07,1007.53,972.3137469262338,90.57,914.6981204383322,152.1876210995281,29.915352877082107,N/A,N/A,N/A,N/A,N/A,N/A,N/A
2,-72706362.60211618,298913797381.59436,0.09396077114195342,1.001733192586487e-05,3.842741853886827e-09,899.6238928031828,22.682764006889027,0.01684320586886072,966.46,1024.13,990.3159212039517,136.48,918.2149835456423,152.02447365141117,29.835889029008786,946.57,989.97,952.1995306891627,81.65,910.625305753208,152.00375620392168,29.832141767883293,N/A,N/A,N/A,N/A,N/A,N/A,N/A
2,-72706362.60211618,298913797381.59436,0.09396077114195342,7.262951720204033e-06,3.842741853886827e-09,1446.0519956638173,22.682764006889027,0.01684320586886072,1082.65,1217.84,1215.7763994392576,366.99,963.1586727609663,151.75058102413914,29.81149086965449,960.04,1012.53,977.8311020096357,94.75,915.8220473578228,151.6395561961488,29.79203499412283,N/A,N/A,N/A,N/A,N/A,N/A,N/A
2,-55427957.86464118,79312891388.69962,0.2383755182534794,9.903731962093543e-06,3.8272198325478075e-09,984.3060126790103,21.2388983255337,0.012182212780487355,957.78,1009.65,973.6447958753716,16.3,914.8555518813716,151.9971184109696,29.85961457874932,944.76,987.22,948.8535551388322,11.21,909.92174895394,151.98377070636667,29.85688711375792,N/A,N/A,N/A,N/A,N/A,N/A,N/A
2,-41946855.01659304,209983664886.76962,0.2802002381024512,1.5318902962144527e-05,3.8272198325478075e-09,528.1701013488284,11.000072556373052,0.011416404376975279,976.04,1040.11,1008.7244572659431,211.1,921.9247209829653,152.7651487627633,29.971002482371524,951.24,997.62,961.2312533580151,122.47,912.4696084553701,152.73183693667497,29.96366018813668,N/A,N/A,N/A,N/A,N/A,N/A,N/A
2,-120865383.79856548,298913797381.59436,0.09396077114195342,1.001733192586487e-05,3.842741853886827e-09,1446.0519956638173,22.682764006889027,0.01684320586886072,1082.65,1217.84,1215.7763994392576,366.12,963.1586727609663,152.14851680350003,29.858340655372984,959.9,1012.13,977.7048782983001,96.12,915.7845227464114,152.01783202552423,29.834685436470036,N/A,N/A,N/A,N/A,N/A,N/A,N/A
2,-41946855.01659304,209983664886.76962,0.2802002381024512,1.5318902962144527e-05,7.232768196148372e-09,528.1701013488284,11.000072556373052,0.012182212780487355,977.15,1041.96,1010.8563844068309,250.94,922.3543612970484,153.34259958988,30.02905237731575,950.53,996.29,959.894181659897,140.2,912.221496768319,153.2958499036665,30.019365131742358,N/A,N/A,N/A,N/A,N/A,N/A,N/A
2,-75935853.15180492,190936579371.13177,0.42692380697052423,9.703224934616121e-06,4.644488395630927e-09,1105.139773625896,25.11304574015501,0.013451327865962478,977.81,1043.05,1012.1130003307868,143.33,922.6076036737272,152.12867880342662,29.911629650138586,957.1,1007.59,972.306911765619,94.69,914.7036186288433,152.10540558801392,29.90626167490011,N/A,N/A,N/A,N/A,N/A,N/A,N/A
2,-85641940.1413393,190936579371.13177,0.3125812580882853,9.703224934616121e-06,4.644488395630927e-09,1105.139773625896,25.11304574015501,0.013451327865962478,977.81,1043.05,1012.1130003307867,110.44,922.6076036737272,152.128678804463,29.888661883762595,957.1,1007.42,972.2132872946496,73.07,914.7025872841807,152.10540255793336,29.883723620265616,N/A,N/A,N/A,N/A,N/A,N/A,N/A
2,-85641940.1413393,190936579371.13177,0.42692380697052423,9.703224934616121e-06,4.644488395630927e-09,1105.139773625896,25.11304574015501,0.013451327865962478,977.81,1043.05,1012.1130003307866,132.71,922.6076036737271,152.1286788034269,29.91162965013774,957.1,1007.49,972.2882755500747,87.78,914.705382071336,152.1054107707469,29.906259756618404,N/A,N/A,N/A,N/A,N/A,N/A,N/A
2,-41946855.01659304,209983664886.76962,0.2383755182534794,1.5318902962144527e-05,7.232768196148372e-09,528.1701013488284,11.000072556373052,0.011416404376975279,976.04,1040.11,1008.7244572659431,232.68,921.924720982965,153.34061284895503,30.015453946654873,951.07,997.02,960.8578677954581,134.37,912.4295344302324,153.2968074808857,30.00667214661889,N/A,N/A,N/A,N/A,N/A,N/A,N/A
2,-72706362.60211618,231334481296.7394,0.09396077114195342,1.001733192586487e-05,3.842741853886827e-09,1446.0519956638173,22.682764006889027,0.01684320586886072,1082.65,1217.84,1215.776399439258,323.61,963.1586727609663,152.14851680350003,29.858340655373414,959.89,1012.0,977.5674674493749,84.12,915.788058772654,152.01784168333924,29.834684682566266,N/A,N/A,N/A,N/A,N/A,N/A,N/A
2,-85641940.1413393,190936579371.13177,0.42692380697052423,9.703224934616121e-06,4.644488395630927e-09,1105.139773625896,25.11304574015501,0.01386070607695725,979.08,1045.18,1014.5622875560742,135.48,923.1012032034357,152.13013509070194,29.911965338500153,957.2,1007.39,972.3300673770916,88.0,914.7429229730255,152.10552110396154,29.906284743407262,N/A,N/A,N/A,N/A,N/A,N/A,N/A
2,-55403598.41664697,339531835667.7699,0.23816485836718332,1.085104193682956e-05,6.436813228534883e-09,783.119137863802,32.430321761985546,0.015041197798577611,939.0,978.35,937.580069604297,109.63,907.5900237287564,152.5354534909782,29.912709132266233,934.44,969.91,929.1870552326998,87.74,905.9580966409766,152.5294670382019,29.911534161873405,N/A,N/A,N/A,N/A,N/A,N/A,N/A
2,-55403598.41664697,237253559468.22678,0.23816485836718332,1.085104193682956e-05,6.436813228534883e-09,1252.1197778562976,32.430321761985546,0.015041197798577611,944.91,988.21,948.9409408714221,90.35,909.8781844963455,152.5438558882649,29.914350468854625,937.26,974.58,934.5183314727694,65.97,907.0481410130496,152.533465114158,29.912315639218505,N/A,N/A,N/A,N/A,N/A,N/A,N/A
2,-55403598.41664697,339531835667.7699,0.23816485836718332,1.085104193682956e-05,6.436813228534883e-09,1252.1197778562976,32.430321761985546,0.015041197798577611,944.91,988.21,948.9409408714222,139.81,909.8781844963453,152.54385588826486,29.914350468851012,937.26,974.49,934.515806928656,102.21,907.0468966126859,152.53346054862533,29.91231360080983,N/A,N/A,N/A,N/A,N/A,N/A,N/A
2,-55403598.41664697,339531835667.7699,0.23816485836718332,1.3156111593618495e-05,6.436813228534883e-09,1252.1197778562976,32.430321761985546,0.015041197798577611,944.91,988.21,948.9409408714225,159.1,909.8781844963455,152.85845577884314,29.954270426458116,937.19,974.09,934.3425141251163,115.85,907.0374918975226,152.84704373555107,29.951986203789716,N/A,N/A,N/A,N/A,N/A,N/A,N/A
2,-105301649.7767085,339531835667.7699,0.23816485836718332,1.085104193682956e-05,6.436813228534883e-09,1252.1197778562976,32.430321761985546,0.015041197798577611,944.91,988.21,948.9409408714221,117.86,909.8781844963455,152.54385588826486,29.914350468853492,937.26,974.41,934.5130090996266,86.03,907.0482593635408,152.53346554836972,29.912313776874303,N/A,N/A,N/A,N/A,N/A,N/A,N/A
2,-55403598.41664697,339531835667.7699,0.23816485836718332,1.085104193682956e-05,4.185274119056967e-09,1252.1197778562976,32.430321761985546,0.015041197798577611,944.91,988.21,948.9409408714225,122.67,909.8781844963454,152.1720676431842,29.878871681693006,937.34,974.98,934.7267238296112,89.79,907.0591763525215,152.16373282056833,29.87716547751226,N/A,N/A,N/A,N/A,N/A,N/A,N/A
2,-55403598.41664697,339531835667.7699,0.5014672721081755,1.085104193682956e-05,6.436813228534883e-09,1252.1197778562976,32.430321761985546,0.015041197798577611,944.91,988.21,948.9409408714228,218.1,909.8781844963454,152.543856350418,29.97588260517533,937.26,974.47,934.5214860917172,159.11,907.0481361869018,152.53346555673974,29.973414149557545,N/A,N/A,N/A,N/A,N/A,N/A,N/A
2,-45178657.13020401,202918579370.0799,0.1221611895764595,9.639390773249697e-06,4.717299332844133e-09,597.6481086994417,28.96444447553374,0.01736750410455704,975.85,1039.79,1008.3537730248171,120.43,921.8500183503755,152.1299192276463,29.850059788782893,958.83,1010.42,975.5680267486413,85.62,915.3734274557886,152.1107601956318,29.84659231696855,N/A,N/A,N/A,N/A,N/A,N/A,N/A
2,-45178657.13020401,202918579370.0799,0.1221611895764595,9.639390773249697e-06,4.717299332844133e-09,757.805106805607,28.96444447553374,0.01736750410455704,960.4,1014.03,978.6889943428765,88.55,915.8719931147527,152.11223294214562,29.846862036184795,947.45,991.96,954.1063681690378,62.19,910.9702431605551,152.09776860667998,29.84424635800582,N/A,N/A,N/A,N/A,N/A,N/A,N/A
2,-45178657.13020401,216395877198.57187,0.1221611895764595,9.639390773249697e-06,4.717299332844133e-09,597.6481086994417,28.96444447553374,0.01736750410455704,956.13,1006.9,970.475343494491,86.37,914.2168997893359,152.10734520549815,29.84597862274646,945.54,988.38,950.2937433000053,63.22,910.2308534768065,152.09558972901277,29.843850743498713,N/A,N/A,N/A,N/A,N/A,N/A,N/A
2,-45178657.13020401,202918579370.0799,0.1221611895764595,9.639390773249697e-06,4.717299332844133e-09,597.6481086994417,21.15701959787829,0.01736750410455704,971.91,1033.21,1000.7771534169145,112.29,920.3231409197975,152.12539707562692,29.849241992974157,951.87,999.24,962.4885268767298,71.24,912.6789819211766,152.10280698010376,29.845157492685985,N/A,N/A,N/A,N/A,N/A,N/A,N/A
2,-45178657.13020401,202918579370.0799,0.1221611895764595,9.639390773249697e-06,4.717299332844133e-09,597.6481086994417,28.96444447553374,0.01736750410455704,956.13,1006.9,970.475343494491,79.72,914.2168997893359,152.10734520549812,29.845978622745825,945.54,988.28,950.3040136472742,58.24,910.2311272821959,152.0955905357356,29.8438500826092,N/A,N/A,N/A,N/A,N/A,N/A,N/A
2,-45178657.13020401,202918579370.0799,0.1221611895764595,1.4237661358879604e-05,4.717299332844133e-09,597.6481086994417,28.96444447553374,0.01736750410455704,956.13,1006.9,970.4753434944912,106.0,914.2168997893359,152.73791771033677,29.918808155473496,945.37,987.78,950.0288396137566,77.2,910.1949242770241,152.7232822554842,29.91605058620527,N/A,N/A,N/A,N/A,N/A,N/A,N/A
2,-58654561.60875543,202918579370.0799,0.1221611895764595,9.639390773249697e-06,4.717299332844133e-09,597.6481086994417,28.96444447553374,0.01736750410455704,956.13,1006.9,970.4753434944909,73.64,914.2168997893359,152.10734520549815,29.845978622745868,945.54,988.3,950.2611195408282,54.0,910.2303520182307,152.0955882515472,29.843850613019757,N/A,N/A,N/A,N/A,N/A,N/A,N/A
2,-58654561.60875543,216395877198.57187,0.22352572627889944,1.4237661358879604e-05,5.2871981499076824e-09,757.805106805607,21.15701959787829,0.012041561595455044,1002.97,1085.0,1060.4151431150863,274.05,932.3420600664089,152.9023759073123,29.96845475946344,975.66,1037.96,1007.902354000675,187.09,921.9282503796993,152.86234358456417,29.96032110359059,N/A,N/A,N/A,N/A,N/A,N/A,N/A
2,-45178657.13020401,202918579370.0799,0.1221611895764595,9.639390773249697e-06,5.2871981499076824e-09,597.6481086994417,28.96444447553374,0.01736750410455704,956.13,1006.9,970.4753434944907,82.7,914.2168997893359,152.20223828374804,29.85423063758869,945.52,988.26,950.2282183007769,60.43,910.2234117818717,152.18973563457465,29.851996700378308,N/A,N/A,N/A,N/A,N/A,N/A,N/A
2,-45178657.13020401,202918579370.0799,0.1221611895764595,9.639390773249697e-06,4.717299332844133e-09,597.6481086994417,28.96444447553374,0.012041561595455044,954.11,1003.54,966.5995496971374,75.56,913.435936821444,152.10504025192853,29.845562066650412,946.68,990.27,952.4566750435835,60.59,910.6745553338673,152.096897163303,29.844084898673245,N/A,N/A,N/A,N/A,N/A,N/A,N/A
2,-70275886.22939613,173484354327.25345,0.3739096009730386,1.3801120611275394e-05,5.0658347530073664e-09,1446.1168078013598,19.984484991102214,0.001210995114374367,949.12,995.22,957.0154804642644,81.95,911.504887703091,152.72609293995515,29.980157442217813,947.36,991.01,953.7547521672345,78.0,910.9661806058122,152.72410889181023,29.979694373972663,N/A,N/A,N/A,N/A,N/A,N/A,N/A
2,-45178657.13020401,202918579370.0799,0.22352572627889944,9.639390773249697e-06,4.717299332844133e-09,597.6481086994417,28.96444447553374,0.01736750410455704,956.13,1006.9,970.4753434944911,90.17,914.2168997893359,152.1073452051105,29.865939493728032,945.54,988.37,950.2511059073059,65.98,910.2283090593277,152.09558223192172,29.86362036689867,N/A,N/A,N/A,N/A,N/A,N/A,N/A
3,-56560423.28760553,117865288711.57574,0.3357307867477379,1.1808782806480349e-05,5.90820026872157e-09,650.3546843413526,16.899222217388328,0.006923314025522212,963.16,1015.57,984.2187845738973,61.64,916.9726478781926,152.61322088519773,29.951876701851006,953.38,999.2,964.2727981933743,50.65,913.1418671787255,152.59920371802744,29.948544882033005,953.41,1003.33,966.3069372629643,51.05,913.2042580530713,152.5994318034194,29.948783502596747
3,-56560423.28760553,275118204248.4647,0.3357307867477379,1.1808782806480349e-05,5.90820026872157e-09,650.3546843413526,16.899222217388328,0.006923314025522212,963.16,1015.57,984.2187845738972,208.52,916.9726478781927,152.61322088519773,29.951876701850765,953.32,999.52,967.2934387046665,168.81,913.2759562097681,152.59969392242203,29.94872017100629,953.38,998.87,964.5420307110207,168.57,913.3179981487626,152.59984762644277,29.948792294412808
3,-57691602.7465276,275118204248.4647,0.3357307867477379,1.1808782806480349e-05,5.90820026872157e-09,650.3546843413526,16.899222217388328,0.006923314025522212,963.16,1015.57,984.2187845738968,207.55,916.9726478781927,152.6132208851977,29.951876701851173,953.38,1005.72,965.153695379237,160.58,913.2215386601913,152.59949497820608,29.94886525362928,953.39,1004.53,966.7291125310909,164.29,913.2779755866242,152.59970130512937,29.948829312642392
3,-56560423.28760553,275118204248.4647,0.49896732839858726,1.1808782806480349e-05,5.90820026872157e-09,650.3546843413526,16.899222217388328,0.006923314025522212,963.16,1015.57,984.2187845738977,281.57,916.9726478781927,152.61322087803322,29.99182403689157,953.3,1007.23,968.5909191468782,235.32,913.276871804688,152.5996972626493,29.98838120560116,953.38,1004.92,967.0465886821598,232.42,913.2638950692018,152.59964982071781,29.988285806042775
3,-89699879.72037628,110272981718.82788,0.2595911705004005,1.038871572490145e-05,7.90819088025927e-09,571.6658186240213,19.041803508508544,0.00928193815700357,1040.94,1148.29,1134.073532901362,60.62,947.0279820129122,152.87666158020247,29.964487231519588,1007.71,1090.55,1068.338721341418,46.02,934.3302049055271,152.82401790526336,29.95423430177434,1008.19,1091.59,1069.3846119728996,46.25,934.509909903076,152.82476027516572,29.95438960939301
3,-98717860.73619519,110272981718.82788,0.22675259877402099,1.1585661057696513e-05,2.8752075686555447e-09,843.2624546659722,20.892504348594418,0.013698548352047101,950.79,998.0,960.218740281132,9.95,912.150275241663,152.06203128094086,29.86995636706385,939.94,979.2,939.6011002846489,6.89,908.0579706362406,152.05117744563074,29.86766102832592,939.98,979.05,939.635442879653,6.9,908.0765254939768,152.0512266252452,29.867670069988467
3,-67421487.82342239,122749543346.96498,0.46727502714065616,9.256150007897952e-06,4.783469810931362e-09,1123.5379183666369,25.07292343057441,0.019491941084572643,1004.12,1086.92,1062.6296672945198,107.75,932.7883671915442,152.1202031457402,29.920046815220257,956.99,1007.39,972.1055240099763,50.01,914.6594561456217,152.06709884658994,29.907552544544135,957.57,1008.53,973.3201997702661,50.73,914.8804389325682,152.06774332321623,29.907708939867756
3,-67421487.82342239,122749543346.96498,0.46727502714065616,9.256150007897952e-06,4.783469810931362e-09,1007.0517887761005,25.07292343057441,0.019491941084572643,952.53,1000.91,963.567894660129,44.29,912.8250825627034,152.06175176459192,29.906301587410624,937.31,974.62,934.5015633112837,25.43,907.0440314201599,152.04493195817838,29.902343384940707,937.38,974.9,934.7021776408479,25.54,907.0705936314884,152.04500913051396,29.90236305997735
3,-67421487.82342239,217018581168.17267,0.46727502714065616,9.256150007897952e-06,4.783469810931362e-09,1123.5379183666369,25.07292343057441,0.019491941084572643,959.76,1012.95,977.4481832477755,135.64,915.6219586085826,152.06990641144654,29.908217557428742,938.76,977.24,937.3350700635524,69.05,907.6033729665747,152.04655725106866,29.902729860022642,938.88,977.31,937.5238603600075,69.4,907.6511185233564,152.0466960073395,29.902760582173986
3,-67421487.82342239,122749543346.96498,0.46727502714065616,9.256150007897952e-06,4.783469810931362e-09,1123.5379183666369,24.94985178360349,0.019491941084572643,960.25,1013.78,978.4029311396586,53.92,915.8143486973515,152.07046776180186,29.908349467268167,938.85,977.35,937.5541620442931,27.38,907.6364703193641,152.04665343695382,29.902751654147817,938.97,977.38,937.6713444685375,27.53,907.6852266773103,152.04679513312647,29.902783281562158
3,-89699879.72037628,278505416366.34326,0.2595911705004005,1.038871572490145e-05,7.90819088025927e-09,571.6658186240213,19.041803508508544,0.00928193815700357,945.78,989.64,950.5940476657902,106.35,910.2112004254149,152.72507635118484,29.935061510664937,939.53,977.93,938.8310450537169,83.88,907.9310098079883,152.71579390424444,29.933256650661708,939.54,978.33,938.9401390257225,83.85,907.9403224725716,152.71583179016173,29.93326374984267
3,-67421487.82342239,122749543346.96498,0.46727502714065616,9.256150007897952e-06,4.783469810931362e-09,1123.5379183666369,25.07292343057441,0.019491941084572643,959.76,1012.95,977.4481832477755,53.3,915.6219586085825,152.0699064114465,29.908217557436206,938.76,977.13,937.3437021637742,27.25,907.6051666919324,152.04656246386406,29.902730205203188,938.88,977.32,937.5810278495441,27.38,907.6477210775142,152.04668613370706,29.902757675340094
3,-89699879.72037628,278505416366.34326,0.2595911705004005,1.038871572490145e-05,7.90819088025927e-09,843.2624546659722,19.041803508508544,0.00928193815700357,1062.04,1183.47,1175.4074760181416,542.38,955.1885759290391,152.9106964772643,29.97111643172866,1017.95,1107.48,1087.6732479599336,377.17,938.2849474987418,152.84037284480456,29.957424747907137,1018.75,1109.23,1089.6673722477865,379.38,938.5959363886752,152.8416605209893,29.95767059642079
3,-89699879.72037628,278505416366.34326,0.2595911705004005,1.1585661057696513e-05,7.90819088025927e-09,571.6658186240213,19.041803508508544,0.00928193815700357,1040.94,1148.29,1134.073532901362,494.37,947.0279820129122,153.0466926894211,29.98721616086387,1007.6,1090.31,1068.1059749314527,361.03,934.290887803462,152.99159976304594,29.97637247638213,1008.08,1091.02,1068.9809171735033,362.79,934.4749327246693,152.99239308891612,29.976528517711152
3,-67421487.82342239,122749543346.96498,0.46727502714065616,6.4084242104183765e-06,4.783469810931362e-09,1123.5379183666369,25.07292343057441,0.019491941084572643,959.76,1012.95,977.4481832477758,42.17,915.6219586085826,151.6787903693348,29.84907074427201,938.85,977.5,937.4684271830375,21.61,907.619883969148,151.65890734938597,29.844574437642173,938.97,977.94,937.7564783043638,21.74,907.6644182073925,151.65901775080602,29.844599464612564
3,-89699879.72037628,278505416366.34326,0.2595911705004005,1.038871572490145e-05,7.90819088025927e-09,571.6658186240213,20.892504348594418,0.00928193815700357,1029.13,1128.61,1110.9499739051093,419.12,942.4626977426692,152.85769034095097,29.960795600986685,1001.46,1080.86,1056.8483203518706,315.44,931.9081491370713,152.8140197526965,29.95230129879244,1001.8,1080.98,1057.410191136035,316.39,932.0378904093513,152.81455496685857,29.95240348400711
3,-61273606.5338048,122749543346.96498,0.46727502714065616,9.256150007897952e-06,4.783469810931362e-09,1123.5379183666369,25.07292343057441,0.019491941084572643,959.76,1012.95,977.4481832477757,58.22,915.6219586085826,152.06990641144648,29.908217557430135,938.76,977.25,937.3693695841202,29.77,907.605962141343,152.04656477554326,29.902728539663133,938.88,977.42,937.5945564151122,29.89,907.6491106811587,152.0466901721611,29.90276079465651
3,-89699879.72037628,278505416366.34326,0.2595911705004005,1.038871572490145e-05,2.8752075686555447e-09,571.6658186240213,19.041803508508544,0.00928193815700357,1040.94,1148.29,1134.073532901362,339.82,947.0279820129122,151.98509093408725,29.873977981836127,1008.32,1092.35,1069.9010135667556,251.1,934.5148892753909,151.95381864246664,29.867256577384065,1008.78,1093.47,1071.0610565325715,252.24,934.6921233373315,151.95426063682257,29.867346112446697
3,-61273606.5338048,217018581168.17267,0.3632279699584553,6.4084242104183765e-06,6.240135820025762e-09,1007.0517887761005,24.94985178360349,0.011348642004612343,966.61,1024.38,990.6093334369335,121.09,918.2741114680592,151.92983847093134,29.86052455770519,953.43,1001.65,965.3519332959941,88.98,913.2748094111743,151.91505835005694,29.85749849876726,953.51,1001.48,965.3663802270423,89.14,913.3038208042623,151.91514398543933,29.85751704549181
3,-67421487.82342239,122749543346.96498,0.46727502714065616,9.256150007897952e-06,6.240135820025762e-09,1123.5379183666369,25.07292343057441,0.019491941084572643,959.76,1012.95,977.4481832477757,58.51,915.6219586085826,152.3131077621196,29.935919445234145,938.71,976.77,937.1634152685101,29.87,907.5968568815572,152.28601663510673,29.929726025827897,938.83,977.07,937.5149826642338,30.05,907.6417384539656,152.2861678110056,29.929758413884322
3,-67421487.82342239,122749543346.96498,0.46727502714065616,9.256150007897952e-06,4.783469810931362e-09,1123.5379183666369,25.07292343057441,0.011348642004612343,944.43,987.4,948.0134199436682,34.14,909.6913423826779,152.0526282827526,29.904158491844782,937.67,975.39,935.3075853043288,25.91,907.18249763297,152.045334261143,29.90244208451064,937.69,975.4,935.2772687460033,25.93,907.191111274683,152.04535928832766,29.902444861054036
3,-98717860.73619519,278505416366.34326,0.2595911705004005,1.038871572490145e-05,7.90819088025927e-09,571.6658186240213,19.041803508508544,0.00928193815700357,1040.94,1148.29,1134.073532901362,442.91,947.027982012912,152.87666158020247,29.964487231520053,1007.71,1090.73,1068.41126316391,324.09,934.3250884374495,152.82399677001186,29.954240375974468,1008.19,1091.49,1069.4667688776235,325.43,934.5087675429122,152.82475555577952,29.954386274273457
3,-89699879.72037628,278505416366.34326,0.22675259877402099,1.038871572490145e-05,7.90819088025927e-09,571.6658186240213,19.041803508508544,0.00928193815700357,1040.94,1148.29,1134.0735329013614,443.58,947.0279820129122,152.87666158040278,29.955636690384026,1007.71,1090.9,1068.7224137113717,324.14,934.3278974369437,152.82400837369576,29.945658873240493,1008.19,1091.72,1069.8611482068427,325.88,934.507188821147,152.8247490338721,29.945798821311804
3,-89699879.72037628,278505416366.34326,0.2595911705004005,1.038871572490145e-05,7.90819088025927e-09,571.6658186240213,19.041803508508544,0.00928193815700357,1040.94,1148.29,1134.073532901362,463.35,947.0279820129122,152.87666158020252,29.96448723152129,1007.71,1091.0,1068.5695827688323,338.29,934.329955907295,152.82401687669298,29.95424271024551,1008.19,1091.46,1069.5943318968848,340.32,934.5074356310067,152.8247500533098,29.9543914270255
3,-67421487.82342239,122749543346.96498,0.3632279699584553,9.256150007897952e-06,4.783469810931362e-09,1123.5379183666369,25.07292343057441,0.019491941084572643,959.76,1012.95,977.4481832477755,44.43,915.6219586085826,152.06990641330577,29.888134403319143,938.76,977.14,937.3425398317642,22.74,907.6038972438816,152.04655877652348,29.883033719531205,938.88,977.65,937.6107263724922,22.86,907.6498725124912,152.0466923880283,29.883064920501685
3,-89699879.72037628,278505416366.34326,0.2595911705004005,1.038871572490145e-05,7.90819088025927e-09,571.6658186240213,19.041803508508544,0.013698548352047101,1050.11,1163.59,1152.0499842225504,497.73,950.5770829292018,152.89144418683293,29.967365544147224,1001.76,1081.05,1057.4015513372385,316.66,932.0301318325128,152.81452295972792,29.952397018681587,1002.65,1082.81,1059.297917783053,320.03,932.363629277317,152.8158988945571,29.952670198235467
2,-71338271.93442996,241087267173.2156,0.3368244594728245,8.750508343731148e-06,2.1372979359310286e-09,765.3932710662647,34.64801558858076,0.01759783962227829,948.74,994.59,956.2941271878565,71.42,911.3595543658728,151.55016035616296,29.82566175620745,941.15,981.47,941.9474069413877,54.48,908.5037473170681,151.5444710368402,29.82434964790378,N/A,N/A,N/A,N/A,N/A,N/A,N/A
2,-71338271.93442996,200317262985.07947,0.3368244594728245,8.750508343731148e-06,2.1372979359310286e-09,765.3932710662647,34.64801558858076,0.01759783962227829,948.74,994.59,956.2941271878566,54.88,911.3595543658727,151.5501603561629,29.82566175620609,941.15,981.48,941.9392286893597,41.88,908.5049389444014,151.54447340970148,29.824350213118844,N/A,N/A,N/A,N/A,N/A,N/A,N/A
2,-71338271.93442996,200317262985.07947,0.3368244594728245,1.023145315412731e-05,2.1372979359310286e-09,765.3932710662647,34.64801558858076,0.01759783962227829,948.74,994.59,956.2941271878567,62.48,911.3595543658728,151.75261133738718,29.85343882846466,941.1,981.3,941.8041202178838,47.57,908.4957445906027,151.74626991079836,29.85195461470199,N/A,N/A,N/A,N/A,N/A,N/A,N/A
2,-70818020.22400127,200317262985.07947,0.3368244594728245,8.750508343731148e-06,2.1372979359310286e-09,765.3932710662647,34.64801558858076,0.01759783962227829,948.74,994.59,956.2941271878574,55.07,911.3595543658727,151.550160356163,29.825661756205502,941.15,981.28,941.8534178730079,41.99,908.5039004115481,151.54447134169357,29.824349120149137,N/A,N/A,N/A,N/A,N/A,N/A,N/A
2,-71338271.93442996,200317262985.07947,0.3368244594728245,8.750508343731148e-06,2.963031933821654e-09,765.3932710662647,34.64801558858076,0.01759783962227829,948.74,994.59,956.2941271878574,58.74,911.3595543658728,151.68689993786873,29.839776646644687,941.12,981.38,941.8864430888364,44.77,908.4985678692323,151.68044910751482,29.838333863426104,N/A,N/A,N/A,N/A,N/A,N/A,N/A
2,-71338271.93442996,200317262985.07947,0.17559449635399568,8.750508343731148e-06,2.1372979359310286e-09,765.3932710662647,34.64801558858076,0.01759783962227829,948.74,994.59,956.2941271878573,44.1,911.3595543658728,151.55016035673032,29.80146074658111,941.15,981.43,941.8976700324403,33.64,908.5039797794716,151.54447150030268,29.800306185011063,N/A,N/A,N/A,N/A,N/A,N/A,N/A
