output,input,level,S1_raw_mean,S1_raw_std,S1_ci_low,S1_ci_high,S1_plot,ST_mean,ST_std,ST_ci_low,ST_ci_high
iteration1_avg_fuel_temp,E_slope,0,-0.0011507260799407959,0.007171742734157341,-0.003138631744678015,0.0008371795847964228,0.0,0.007186633283272386,0.00017185285500030938,0.007138998102170687,0.007234268464374085
iteration1_avg_fuel_temp,E_intercept,0,-0.002339375019073486,0.007142566685257663,-0.004319193495656829,-0.0003595565424901431,0.0,0.0022324873181059956,5.43154632694162e-05,0.002217431839804767,0.002247542796407224
iteration1_avg_fuel_temp,nu,0,0.005458083152770996,0.007382360831538604,0.003411797129953409,0.007504369175588584,0.005458083152770996,0.02575127623975277,0.0006337560143714469,0.025575608035003885,0.025926944444501655
iteration1_avg_fuel_temp,alpha_base,0,0.16355398893356324,0.008210319307625651,0.16127820452997668,0.1658297733371498,0.16355398893356324,0.20314445734024048,0.0032082964430089522,0.2022551629372444,0.20403375174323654
iteration1_avg_fuel_temp,alpha_slope,0,0.03914736747741699,0.007305330139948498,0.03712243327295748,0.0411723016818765,0.03914736747741699,0.05201939187943935,0.0009700723337164849,0.0517505015470777,0.052288282211801006
iteration1_avg_fuel_temp,SS316_T_ref,0,0.16753003120422363,0.006541691889160695,0.16571676672368227,0.169343295684765,0.16753003120422363,0.18850304543972016,0.0022043490400149,0.18789203105923588,0.18911405982020443
iteration1_avg_fuel_temp,SS316_k_ref,0,0.49971006155014036,0.006121352363890259,0.49801330924165704,0.5014068138586237,0.49971006155014036,0.5678022134304047,0.005956078307989602,0.5661512727529485,0.5694531541078609
iteration1_avg_fuel_temp,SS316_alpha,0,0.025932700634002687,0.006564472179778143,0.024113121779055915,0.02775227948894946,0.025932700634002687,0.04457395531237125,0.0007533754854184234,0.04436513028187977,0.04478278034286273
iteration1_max_fuel_temp,E_slope,0,-0.0003736484050750732,0.006527225436587692,-0.0021829029895445097,0.0014356061793943632,0.0,0.008137572268024086,0.00018440760575570367,0.008086457087559451,0.008188687448488722
iteration1_max_fuel_temp,E_intercept,0,-0.000932847261428833,0.006835194266346266,-0.0028274664502814873,0.0009617719274238214,0.0,0.003282625395804644,6.568451851289036e-05,0.003264418576168544,0.0033008322154407434
iteration1_max_fuel_temp,nu,0,0.007161198854446411,0.007035159972268624,0.005211151999782074,0.009111245709110748,0.007161198854446411,0.021767885386943818,0.00041931856608176725,0.021651656210334713,0.021884114563552923
iteration1_max_fuel_temp,alpha_base,0,0.18502302169799806,0.006944436516576973,0.18309812210226076,0.18694792129373536,0.18502302169799806,0.20447629064321518,0.0021834500740052173,0.20387106916056033,0.20508151212587003
iteration1_max_fuel_temp,alpha_slope,0,0.03890061259269714,0.007013532686036489,0.03695656051592814,0.040844664669466145,0.03890061259269714,0.04369188562035561,0.0006633817437586431,0.043508005582380986,0.04387576565833023
iteration1_max_fuel_temp,SS316_T_ref,0,0.17709478378295898,0.007091527247018294,0.17512911271686735,0.17906045484905062,0.17709478378295898,0.1859699520468712,0.002180379233995295,0.18536558175763995,0.18657432233610244
iteration1_max_fuel_temp,SS316_k_ref,0,0.5126315593719483,0.006590194876197187,0.5108048505493187,0.5144582681945779,0.5126315593719483,0.5438342726230622,0.006154707269424091,0.5421282748064624,0.5455402704396619
iteration1_max_fuel_temp,SS316_alpha,0,0.02730173707008362,0.006781516773912227,0.025421996523038667,0.02918147761712857,0.02730173707008362,0.039074707254767416,0.0006374936383548224,0.038898003033506975,0.039251411476027856
iteration1_max_monolith_temp,E_slope,0,-0.0003541457653045654,0.006089581074495734,-0.0020420915216701543,0.0013337999910610233,0.0,0.00786561170592904,0.0001694136270824253,0.007818652644311168,0.007912570767546914
iteration1_max_monolith_temp,E_intercept,0,-0.00034033536911010743,0.005876094144509536,-0.0019691055675676245,0.0012884348293474097,0.0,0.003166475659236312,5.393632628863912e-05,0.003151525272344485,0.003181426046128139
iteration1_max_monolith_temp,nu,0,0.013300625085830688,0.00659682272487622,0.011472079117276855,0.015129171054384521,0.013300625085830688,0.028157291822135447,0.0005544370297240788,0.02800360971821959,0.028310973926051305
iteration1_max_monolith_temp,alpha_base,0,0.1908329927921295,0.007892723615296174,0.18864524142308992,0.1930207441611691,0.1908329927921295,0.21845199346542357,0.0025480228798637743,0.21774571755669128,0.21915826937415586
iteration1_max_monolith_temp,alpha_slope,0,0.038785659074783325,0.006691689951794537,0.0369308172525187,0.04064050089704795,0.038785659074783325,0.0473480411618948,0.0007380040227884098,0.0471434768834646,0.047552605440324996
iteration1_max_monolith_temp,SS316_T_ref,0,0.17094099521636963,0.007913977387858729,0.16874735260214177,0.1731346378305975,0.17094099521636963,0.1846972906589508,0.0028369833303480006,0.18391091899975792,0.18548366231814367
iteration1_max_monolith_temp,SS316_k_ref,0,0.4875172865390778,0.00606882590456221,0.48583509382230283,0.4891994792558527,0.4875172865390778,0.5396709120273591,0.007473709257375513,0.5375993055127284,0.5417425185419897
iteration1_max_monolith_temp,SS316_alpha,0,0.028193485736846925,0.006805949872389004,0.026306972680431587,0.03007999879326226,0.028193485736846925,0.04398862630128861,0.000730746931102579,0.04378607358604556,0.044191179016531655
iteration1_max_global_stress,E_slope,0,0.016761387586593627,0.006995929763315523,0.014822214791066306,0.018700560382120947,0.016761387586593627,0.024517195858061315,0.0005241083479716392,0.024371920435825842,0.024662471280296788
iteration1_max_global_stress,E_intercept,0,0.023148889541625976,0.0069480638581941685,0.02122298449808944,0.02507479458516251,0.023148889541625976,0.030170016214251517,0.0005120556490516688,0.030028081629710105,0.03031195079879293
iteration1_max_global_stress,nu,0,0.027186449766159058,0.00703643085457972,0.025236050640890618,0.029136848891427498,0.027186449766159058,0.05681308351457119,0.0008656862945158351,0.05657312751607209,0.057053039513070294
iteration1_max_global_stress,alpha_base,0,0.022933261394500734,0.007503340369839143,0.020853441554531633,0.025013081234469835,0.022933261394500734,0.09668793454766274,0.0014374626992856244,0.09628949021569465,0.09708637887963083
iteration1_max_global_stress,alpha_slope,0,0.0052390205860137935,0.00665441554602956,0.0033945107019009656,0.007083530470126621,0.0052390205860137935,0.023558011166751384,0.0004065395489535558,0.023445324152972236,0.023670698180530532
iteration1_max_global_stress,SS316_T_ref,0,0.19357423305511476,0.006556225559855921,0.19175694004658858,0.19539152606364094,0.19357423305511476,0.2399355375766754,0.004005346015735316,0.23882531230381523,0.24104576284953558
iteration1_max_global_stress,SS316_k_ref,0,0.5495240402221679,0.005279334104275281,0.5480606834676173,0.5509873969767186,0.5495240402221679,0.6504402887821198,0.0095142092479734,0.6478030845263868,0.6530774930378528
iteration1_max_global_stress,SS316_alpha,0,0.015128943920135498,0.007134093789838935,0.013151474010340447,0.01710641382993055,0.015128943920135498,0.041308514177799224,0.0007643093061979513,0.0410966584468113,0.04152036990878715
iteration1_wall2,E_slope,0,-0.0006517410278320312,0.009489807021993972,-0.0032821813316142637,0.001978699275950201,0.0,0.004865927351638675,9.476696152215203e-05,0.00483965929007777,0.00489219541319958
iteration1_wall2,E_intercept,0,0.0013589441776275634,0.009942647398498969,-0.0013970170745551955,0.004114905429810322,0.0013589441776275634,0.00525558803230524,0.00010682670555714316,0.005225977180244021,0.00528519888436646
iteration1_wall2,nu,0,0.04474658012390137,0.008250121125194063,0.04245976321935321,0.04703339702844953,0.04474658012390137,0.05765099920332432,0.0009869643389177314,0.05737742664600381,0.057924571760644826
iteration1_wall2,alpha_base,0,0.4625022554397583,0.006907598124835542,0.4605875669252515,0.46441694395426514,0.4625022554397583,0.4923598927259445,0.0052889419707335145,0.49089387280668384,0.49382591264520515
iteration1_wall2,alpha_slope,0,0.06949358701705932,0.008895528925435155,0.06702787219749615,0.0719593018366225,0.06949358701705932,0.07779190286993981,0.0011294158401310651,0.07747884477100003,0.07810496096887959
iteration1_wall2,SS316_T_ref,0,0.07215575456619262,0.009122647069815186,0.06962708580886097,0.07468442332352428,0.07215575456619262,0.08862507909536362,0.0013133611888176114,0.08826103394708164,0.08898912424364559
iteration1_wall2,SS316_k_ref,0,0.25832616686820986,0.008464749861095069,0.2559798579133012,0.26067247582311853,0.25832616686820986,0.3087823730707169,0.004199039548007368,0.3076184586898812,0.30994628745155256
iteration1_wall2,SS316_alpha,0,0.022716302871704102,0.009420014763750068,0.020105207994920677,0.025327397748487527,0.022716302871704102,0.03412267774343491,0.0007055165883835379,0.033927118522391754,0.03431823696447806
iteration1_keff,E_slope,0,0.0013290274143218995,0.008025323691989031,-0.0008954788207765215,0.0035535336494203207,0.0013290274143218995,0.0356036727130413,0.0013284947352023562,0.035235432759716676,0.03597191266636593
iteration1_keff,E_intercept,0,0.0005302608013153076,0.007633383312767264,-0.0015856051033954464,0.0026461267060260618,0.0005302608013153076,0.032504812702536585,0.0013128925743770804,0.03214089744755048,0.03286872795752269
iteration1_keff,nu,0,0.005360432863235474,0.010774662666776659,0.002373848744858754,0.008347016981612193,0.005360432863235474,0.08471562936902047,0.0027646393785651043,0.08394931043018992,0.08548194830785101
iteration1_keff,alpha_base,0,0.12903475761413574,0.013776763690590816,0.12521603354699457,0.13285348168127692,0.12903475761413574,0.7579218327999115,0.0192106253417435,0.752596919127519,0.7632467464723041
iteration1_keff,alpha_slope,0,0.005915747880935669,0.008999632298666618,0.0034211770785191934,0.008410318683352144,0.005915747880935669,0.0961264979839325,0.0024988166039770937,0.09543386135901191,0.09681913460885308
iteration1_keff,SS316_T_ref,0,0.010698739290237427,0.019702066502143418,0.005237605078032285,0.01615987350244257,0.010698739290237427,0.30619461059570313,0.00803939889449562,0.3039662029135182,0.30842301827788804
iteration1_keff,SS316_k_ref,0,0.035088993310928344,0.015069187574915828,0.030912027620219888,0.039265959001636805,0.035088993310928344,0.5454284429550171,0.012469792729877163,0.5419719927552967,0.5488848931547375
iteration1_keff,SS316_alpha,0,0.005575141906738281,0.008687833938405554,0.0031669972004039564,0.007983286613072606,0.005575141906738281,0.058302661627531054,0.001789726519140065,0.057806574746334945,0.05879874850872716
iteration2_keff,E_slope,0,0.0018594813346862792,0.008392176039347634,-0.0004667111831566386,0.004185673852529197,0.0018594813346862792,0.007358357310295105,0.00012464565814737844,0.007323807296567488,0.007392907324022722
iteration2_keff,E_intercept,0,0.003758406639099121,0.008434424347147496,0.0014205034878001389,0.006096309790398103,0.003758406639099121,0.005792325362563133,0.00010250411402540998,0.005763912671745394,0.005820738053380872
iteration2_keff,nu,0,0.03451890110969544,0.008416739827794296,0.03218589985707067,0.03685190236232021,0.03451890110969544,0.0449985933303833,0.0006953428655590296,0.0448058541214326,0.045191332539334
iteration2_keff,alpha_base,0,0.40092910766601564,0.006245668166535758,0.39919789677508505,0.40266031855694623,0.40092910766601564,0.4214746069908142,0.004845653826667875,0.4201314602762074,0.42281775370542096
iteration2_keff,alpha_slope,0,0.05984533429145813,0.00877167601971301,0.05741394974586121,0.062276718837055045,0.05984533429145813,0.061124574467539786,0.0008146467050735748,0.06089876592144369,0.06135038301363588
iteration2_keff,SS316_T_ref,0,0.11555357217788696,0.007866293942738212,0.11337314674031795,0.11773399761545597,0.11555357217788696,0.12076528385281562,0.0015365664984080317,0.12033936934923442,0.12119119835639683
iteration2_keff,SS316_k_ref,0,0.33519638657569883,0.004910277197045898,0.3338353271767124,0.3365574459746853,0.33519638657569883,0.34663148105144503,0.0038983578970456555,0.3455509113720837,0.34771205073080635
iteration2_keff,SS316_alpha,0,0.02338709115982056,0.008374550060692262,0.021065784313998286,0.02570839800564283,0.02338709115982056,0.030160843208432198,0.0005194528674334688,0.030016858219565148,0.03030482819729925
iteration2_avg_fuel_temp,E_slope,0,0.00115256667137146,0.008021396937796103,-0.0010708511229959557,0.0033759844657388757,0.00115256667137146,0.007719019120559096,0.00012851594621466857,0.007683396317711969,0.0077546419234062235
iteration2_avg_fuel_temp,E_intercept,0,0.0016153705120086669,0.008114888935449852,-0.0006339619419655843,0.003864702965982918,0.0016153705120086669,0.0036279774829745294,7.400636973240139e-05,0.0036074639638661275,0.0036484910020829313
iteration2_avg_fuel_temp,nu,0,0.01842254161834717,0.008292972931177233,0.016123846799181062,0.020721236437513276,0.01842254161834717,0.02895281311124563,0.0005832148835373051,0.028791154193222677,0.029114472029268586
iteration2_avg_fuel_temp,alpha_base,0,0.21956999659538268,0.007575744928599611,0.21747010723565413,0.22166988595511122,0.21956999659538268,0.23372572988271714,0.002916856381904169,0.2329172185431796,0.2345342412222547
iteration2_avg_fuel_temp,alpha_slope,0,0.03626758694648743,0.007675938271738583,0.03413992540895247,0.038395248484022385,0.03626758694648743,0.03974700026214123,0.0005804086370474926,0.039586119195959946,0.039907881328322514
iteration2_avg_fuel_temp,SS316_T_ref,0,0.1583698546886444,0.007163126550781785,0.15638433730809076,0.16035537206919803,0.1583698546886444,0.16743021011352538,0.0022775080006066277,0.16679891710376263,0.16806150312328813
iteration2_avg_fuel_temp,SS316_k_ref,0,0.49887181639671324,0.005678219426036933,0.4972978942719166,0.5004457385215099,0.49887181639671324,0.529705195426941,0.004750179173387186,0.5283885129360425,0.5310218779178394
iteration2_avg_fuel_temp,SS316_alpha,0,0.02544029712677002,0.007823372704757806,0.023271768849386695,0.027608825404153343,0.02544029712677002,0.03764009483158588,0.0006977676766247595,0.037446683499298895,0.03783350616387287
iteration2_max_fuel_temp,E_slope,0,0.0011936450004577637,0.009095341597586563,-0.0013274550661199619,0.0037147450670354893,0.0011936450004577637,0.007690198086202145,0.00015132560702086075,0.0076482527679486295,0.00773214340445566
iteration2_max_fuel_temp,E_intercept,0,0.0010516929626464843,0.008823907311223384,-0.0013941693583139389,0.0034975552836069073,0.0010516929626464843,0.0028812549309805034,4.820551479611837e-05,0.002867893043990557,0.0028946168179704496
iteration2_max_fuel_temp,nu,0,0.01206762671470642,0.008925093331795303,0.009593717059793384,0.014541536369619457,0.01206762671470642,0.023527315892279146,0.0004598197684912915,0.02339986035512101,0.023654771429437282
iteration2_max_fuel_temp,alpha_base,0,0.22737448334693908,0.008072841860837234,0.22513680574742717,0.22961216094645098,0.22737448334693908,0.24313434839248657,0.0033304773610730995,0.24221118716685816,0.24405750961811498
iteration2_max_fuel_temp,alpha_slope,0,0.04376530170440674,0.008535403237966432,0.04139940863259349,0.04613119477621999,0.04376530170440674,0.048011062815785405,0.0006094685377127007,0.047842126756098294,0.048179998875472516
iteration2_max_fuel_temp,SS316_T_ref,0,0.16176312327384948,0.00795624678426587,0.15955776418070183,0.16396848236699713,0.16176312327384948,0.16882209837436676,0.0023319811546499486,0.16817570617665029,0.16946849057208324
iteration2_max_fuel_temp,SS316_k_ref,0,0.48969054460525513,0.006408826409628569,0.4879141085566864,0.4914669806538239,0.48969054460525513,0.5206378793716431,0.005676964724382829,0.5190643050324012,0.522211453710885
iteration2_max_fuel_temp,SS316_alpha,0,0.02273634672164917,0.008696094814559402,0.020325912217268448,0.02514678122602989,0.02273634672164917,0.0333040738850832,0.0006679785236820133,0.033118919684720444,0.03348922808544595
iteration2_max_monolith_temp,E_slope,0,0.00018197059631347656,0.008998304234133999,-0.002312232085395747,0.0026761732780227,0.00018197059631347656,0.00732909350655973,0.00014044269384540955,0.007290164777934742,0.007368022235184718
iteration2_max_monolith_temp,E_intercept,0,0.00035497426986694333,0.00881609586982769,-0.0020887228300062385,0.0027986713697401256,0.00035497426986694333,0.0031079156510531902,6.363013337457309e-05,0.00309027827792478,0.0031255530241816004
iteration2_max_monolith_temp,nu,0,0.011031092405319213,0.008739936857793121,0.00860850550655841,0.013453679304080016,0.011031092405319213,0.02336658541113138,0.00045253422497036844,0.023241149323606727,0.023492021498656035
iteration2_max_monolith_temp,alpha_base,0,0.20527461051940918,0.007259522048050613,0.20326237367021605,0.2072868473686023,0.20527461051940918,0.22082348972558974,0.0027983418606731384,0.22004782893533176,0.22159915051584772
iteration2_max_monolith_temp,alpha_slope,0,0.039514890909194945,0.0084207382092601,0.03718078136177207,0.041849000456617824,0.039514890909194945,0.04386065497994423,0.0006298509966390905,0.04368606919088687,0.04403524076900159
iteration2_max_monolith_temp,SS316_T_ref,0,0.17513256192207335,0.007268426961565349,0.1731178567567852,0.1771472670873615,0.17513256192207335,0.1804592552781105,0.0022221928952213146,0.1798432948333068,0.18107521572291418
iteration2_max_monolith_temp,SS316_k_ref,0,0.5041086566448212,0.005984488270030381,0.5024498411276546,0.5057674721619878,0.5041086566448212,0.5294885587692261,0.005313849033741514,0.5280156349643297,0.5309614825741225
iteration2_max_monolith_temp,SS316_alpha,0,0.024831087589263917,0.00888350017636983,0.022368706968833783,0.02729346820969405,0.024831087589263917,0.03453930124640465,0.0005718728015606532,0.03438078619310845,0.03469781629970085
iteration2_max_global_stress,E_slope,0,0.027134404182434083,0.008293834790626791,0.024835470468016783,0.029433337896851382,0.027134404182434083,0.0413136713206768,0.000653268500279658,0.04113259453077534,0.04149474811057826
iteration2_max_global_stress,E_intercept,0,0.06495591640472412,0.0081478584416025,0.06269744526989168,0.06721438753955655,0.06495591640472412,0.07445143684744834,0.0009819570325347755,0.074179252244645,0.07472362145025169
iteration2_max_global_stress,nu,0,0.10141212344169617,0.009044345454336659,0.09890515878485134,0.103919088098541,0.10141212344169617,0.15456897437572478,0.0022715944637314352,0.15393932051475595,0.15519862823669361
iteration2_max_global_stress,alpha_base,0,0.2752173280715942,0.008352670675575654,0.27290208588191295,0.2775325702612755,0.2752173280715942,0.5643319857120513,0.00851138054345175,0.561972751391434,0.5666912200326687
iteration2_max_global_stress,alpha_slope,0,0.013761312961578369,0.009446102003200015,0.011142987070939286,0.01637963885221745,0.013761312961578369,0.09517675027251243,0.0015289731280851704,0.09475294054380098,0.09560056000122388
iteration2_max_global_stress,SS316_T_ref,0,0.01405074715614319,0.008957788326294017,0.011567774911120363,0.016533719401166016,0.01405074715614319,0.09939612865447998,0.0014895083118056651,0.09898325801473867,0.0998089992942213
iteration2_max_global_stress,SS316_k_ref,0,0.10659091591835022,0.010172586778213066,0.10377121872186165,0.1094106131148388,0.10659091591835022,0.35143777310848234,0.006126915821181346,0.34973947868831506,0.3531360675286496
iteration2_max_global_stress,SS316_alpha,0,0.0053677594661712645,0.008765878809033725,0.0029379818253918006,0.007797537106950728,0.0053677594661712645,0.030907747000455857,0.0006307872603127981,0.030732901692348578,0.031082592308563136
iteration2_wall2,E_slope,0,0.0009892117977142335,0.006100265899584621,-0.0007016956410636037,0.0026801192364920706,0.0009892117977142335,0.005075564347207546,9.689059240486039e-05,0.005048707645197864,0.005102421049217228
iteration2_wall2,E_intercept,0,0.00286085844039917,0.005719276513215987,0.0012755558716565868,0.004446161009141753,0.00286085844039917,0.0048605749662965535,9.524092529049834e-05,0.004834175528681752,0.004886974403911355
iteration2_wall2,nu,0,0.0370402979850769,0.006539306029230043,0.03522769483116803,0.038852901138985776,0.0370402979850769,0.04850568361580372,0.000674450137978717,0.048318735575478035,0.04869263165612941
iteration2_wall2,alpha_base,0,0.4130346918106079,0.005114281921682178,0.4116170851869412,0.41445229843427467,0.4130346918106079,0.43629743456840514,0.004591716993131234,0.43502467555293717,0.4375701935838731
iteration2_wall2,alpha_slope,0,0.06504587173461913,0.006813851205909329,0.06315716854029084,0.06693457492894743,0.06504587173461913,0.07033632650971412,0.0009309996879110703,0.07007826656221317,0.07059438645721508
iteration2_wall2,SS316_T_ref,0,0.09100778102874756,0.006410059885750854,0.08923100307804124,0.09278455897945387,0.09100778102874756,0.1011215752363205,0.0015476912904694544,0.10069257709770417,0.10155057337493682
iteration2_wall2,SS316_k_ref,0,0.31936617612838747,0.00684632764775045,0.3174684709236553,0.3212638813331196,0.31936617612838747,0.35735300064086917,0.0042984186724294325,0.3561615397721409,0.35854446150959746
iteration2_wall2,SS316_alpha,0,0.022827755212783813,0.006016423503123999,0.021160087700624566,0.02449542272494306,0.022827755212783813,0.03285315848886967,0.0006707356368182868,0.03266724005573601,0.03303907692200332
iteration1_avg_fuel_temp,E_slope,2,-0.00048438429832458495,0.00782754448681028,-0.0026540689346964508,0.0016853003380472807,0.0,0.0013609328493475914,2.672706758783245e-05,0.0013535244841804172,0.0013683412145147657
iteration1_avg_fuel_temp,E_intercept,2,0.003962332010269165,0.007660620880639068,0.0018389162369318998,0.00608574778360643,0.003962332010269165,0.01263154523447156,0.00022704407335784966,0.012568611828142935,0.012694478640800184
iteration1_avg_fuel_temp,nu,2,0.0016282546520233155,0.007917367139546824,-0.0005663275534353866,0.0038228368574820177,0.0016282546520233155,0.00765806051902473,0.00010510622817168621,0.007628926558964155,0.007687194479085305
iteration1_avg_fuel_temp,alpha_base,2,0.006178094148635864,0.007889995641520898,0.003991098935348386,0.008365089361923343,0.006178094148635864,0.021273560747504236,0.00041333292012361796,0.021158990707307073,0.0213881307877014
iteration1_avg_fuel_temp,alpha_slope,2,0.0006487560272216797,0.008276365788130735,-0.0016453355267464147,0.002942847581189774,0.0006487560272216797,0.005866035250946879,0.00011468173431688125,0.005834247095997508,0.00589782340589625
iteration1_avg_fuel_temp,SS316_T_ref,2,0.205111585855484,0.0090349707079446,0.2026072197457635,0.2076159519652045,0.205111585855484,0.23550193905830383,0.002971043675540791,0.23467840776727472,0.23632547034933293
iteration1_avg_fuel_temp,SS316_k_ref,2,0.7112267005443573,0.003617421537631233,0.7102240024508869,0.7122293986378277,0.7112267005443573,0.7523986840248108,0.007964945556211881,0.7501909137550958,0.7546064542945258
iteration1_avg_fuel_temp,SS316_alpha,2,0.01301093578338623,0.008463376061579674,0.010665007626275277,0.015356863940497184,0.01301093578338623,0.021408211067318918,0.00042297603187355483,0.021290968092915388,0.021525454041722448
iteration1_max_fuel_temp,E_slope,2,-0.0028535568714141844,0.006897835224086122,-0.004765539247898005,-0.0009415744949303642,0.0,0.0018732304964214563,3.797921867904531e-05,0.0018627031940971854,0.0018837577987457271
iteration1_max_fuel_temp,E_intercept,2,0.00904821753501892,0.006905378161401435,0.007134144362981817,0.010962290707056024,0.00904821753501892,0.018397635109722615,0.0003003054114707224,0.018314394696514455,0.018480875522930776
iteration1_max_fuel_temp,nu,2,0.003621639013290405,0.006891676153320563,0.0017113638441226056,0.0055319141824582045,0.003621639013290405,0.011965670604258776,0.0001935310614758288,0.01191202653089038,0.012019314677627173
iteration1_max_fuel_temp,alpha_base,2,0.006886457204818726,0.007387318642398724,0.004838796946942958,0.008934117462694492,0.006886457204818726,0.04175635054707527,0.0007251548361536989,0.04155534788146991,0.04195735321268063
iteration1_max_fuel_temp,alpha_slope,2,-0.0018691492080688476,0.007038242957706467,-0.003820050622697668,8.175220655997294e-05,0.0,0.005350317694246769,7.77172544621593e-05,0.005328775570369775,0.005371859818123763
iteration1_max_fuel_temp,SS316_T_ref,2,0.20480469822883607,0.007510300893539241,0.20272294903013147,0.20688644742754067,0.20480469822883607,0.22811120241880417,0.0027150682112501746,0.22735862390652903,0.2288637809310793
iteration1_max_fuel_temp,SS316_k_ref,2,0.6887268340587616,0.0032848516551103927,0.6878163196335976,0.6896373484839255,0.6887268340587616,0.7274988436698914,0.008011657520377975,0.7252781255042996,0.7297195618354831
iteration1_max_fuel_temp,SS316_alpha,2,0.015677186250686644,0.007546688901990343,0.013585350810630413,0.017769021690742876,0.015677186250686644,0.024153287410736083,0.0002795611954591864,0.024075797000846284,0.02423077782062588
iteration1_max_monolith_temp,E_slope,2,-0.0003328096866607666,0.009630115807091872,-0.003002141601456885,0.0023365222281353515,0.0,0.001801107688806951,3.282591428415967e-05,0.0017920088095840718,0.0018102065680298304
iteration1_max_monolith_temp,E_intercept,2,0.012991859912872314,0.00869421749771847,0.010581945774171308,0.01540177405157332,0.012991859912872314,0.020477232038974762,0.00034935835495533376,0.02038039484352835,0.020574069234421174
iteration1_max_monolith_temp,nu,2,0.003887124061584473,0.00968658242080286,0.0012021404000058075,0.006572107723163138,0.003887124061584473,0.009384887758642435,0.0001726039072492378,0.009337044396478545,0.009432731120806325
iteration1_max_monolith_temp,alpha_base,2,0.010169234275817871,0.01024803030639218,0.007328625200223447,0.013009843351412295,0.010169234275817871,0.03960170991718769,0.0008853277592574042,0.039356309582427404,0.03984711025194798
iteration1_max_monolith_temp,alpha_slope,2,0.00039951086044311525,0.009536529194903583,-0.00224388016893521,0.0030429018898214407,0.00039951086044311525,0.005355130881071091,9.583380920635129e-05,0.005328567104419245,0.005381694657722936
iteration1_max_monolith_temp,SS316_T_ref,2,0.21366349697113038,0.00884519538031301,0.2112117338984694,0.21611526004379136,0.21366349697113038,0.25132506519556047,0.0036952601062022502,0.2503007913516577,0.2523493390394632
iteration1_max_monolith_temp,SS316_k_ref,2,0.6691411447525024,0.004591821393246359,0.667868356798799,0.6704139327062059,0.6691411447525024,0.7206876051425933,0.008366643473896974,0.7183684898908176,0.7230067203943691
iteration1_max_monolith_temp,SS316_alpha,2,0.016669566631317138,0.010005114822619426,0.013896290292568437,0.01944284297006584,0.016669566631317138,0.024853923916816713,0.00045450416740855235,0.024727941789106676,0.02497990604452675
iteration1_max_global_stress,E_slope,2,0.013295048475265503,0.008264046094744095,0.011004371766081855,0.01558572518444915,0.013295048475265503,0.014019684605300427,0.00016050656320772363,0.013975194455826928,0.014064174754773926
iteration1_max_global_stress,E_intercept,2,0.13578980088233947,0.008189258947143646,0.13351985411284767,0.13805974765183127,0.13578980088233947,0.13840993344783784,0.0016697142604287746,0.13794711226757014,0.13887275462810553
iteration1_max_global_stress,nu,2,0.03301348090171814,0.008215637594379464,0.030736222344253456,0.03529073945918283,0.03301348090171814,0.036726460009813305,0.0005076666070364047,0.03658574200564968,0.03686717801397693
iteration1_max_global_stress,alpha_base,2,0.07687678575515747,0.008662112358665111,0.0744757707069784,0.07927780080333653,0.07687678575515747,0.08466082468628883,0.0009986642340192638,0.08438400908350346,0.08493764028907419
iteration1_max_global_stress,alpha_slope,2,0.011736505031585694,0.008171379412860167,0.009471514216148917,0.01400149584702247,0.011736505031585694,0.015110129341483116,0.00023099038283736834,0.015046102073974589,0.015174156608991643
iteration1_max_global_stress,SS316_T_ref,2,0.1347597897052765,0.008979022687512703,0.1322709315956154,0.1372486478149376,0.1347597897052765,0.14486380368471147,0.0015027530274707558,0.14444726179709158,0.14528034557233135
iteration1_max_global_stress,SS316_k_ref,2,0.5560392951965332,0.004440768497126324,0.5548083769694782,0.5572702134235882,0.5560392951965332,0.5731530308723449,0.00648037433425166,0.5713567627508853,0.5749492989938045
iteration1_max_global_stress,SS316_alpha,2,0.013701308965682984,0.00864459473976637,0.011305149553732428,0.01609746837763354,0.013701308965682984,0.019203505516052245,0.0002847736211828048,0.019124570295464813,0.019282440736639678
iteration1_wall2,E_slope,2,0.038101104497909544,0.007853354684643226,0.035924265639700394,0.040277943356118694,0.038101104497909544,0.03978424213826656,0.0005294469769410411,0.03963748692357846,0.03993099735295466
iteration1_wall2,E_intercept,2,0.08747943162918091,0.007795437227468035,0.08531864667104508,0.08964021658731675,0.08747943162918091,0.09149858951568604,0.0012116684050571458,0.091162732168946,0.09183444686242608
iteration1_wall2,nu,2,0.060017917156219486,0.007790560225482357,0.05785848403406462,0.06217735027837435,0.060017917156219486,0.06341212004423141,0.0009093887698243225,0.06316005033760737,0.06366418975085546
iteration1_wall2,alpha_base,2,0.43067785024642946,0.006580936623278954,0.42885370768058073,0.4325019928122782,0.43067785024642946,0.45140732228755953,0.005020107442024477,0.4500158194978596,0.45279882507725944
iteration1_wall2,alpha_slope,2,0.05603944778442383,0.008173600856546006,0.053773841216212495,0.058305054352635166,0.05603944778442383,0.061357113495469094,0.0011027367256587438,0.06105145046977101,0.06166277652116718
iteration1_wall2,SS316_T_ref,2,0.038763983249664305,0.008132175162487891,0.036509859298013043,0.041018107201315566,0.038763983249664305,0.07147576525807381,0.0011834331227518387,0.0711477343322918,0.07180379618385582
iteration1_wall2,SS316_k_ref,2,0.2334224784374237,0.007521389131356032,0.23133765573600362,0.23550730113884377,0.2334224784374237,0.27375650107860566,0.0038419140759169256,0.27269157682824546,0.27482142532896586
iteration1_wall2,SS316_alpha,2,0.002572388648986816,0.008297691153055696,0.00027238600544003287,0.0048723912925336,0.002572388648986816,0.0055879602022469044,9.783139259615947e-05,0.005560842723728779,0.00561507768076503
iteration1_keff,E_slope,2,-0.0010233187675476073,0.009640083460940939,-0.0036954135750303704,0.001648776039935156,0.0,0.030510732606053352,0.0007267948050780947,0.030309275364254217,0.030712189847852487
iteration1_keff,E_intercept,2,0.000684671401977539,0.010316925114088422,-0.0021750343400154227,0.0035443771439705005,0.000684671401977539,0.1236966858804226,0.0024451810176554577,0.12301891628152797,0.12437445547931722
iteration1_keff,nu,2,0.041814756393432614,0.01056206930645206,0.03888710014809043,0.0447424126387748,0.041814756393432614,0.1005158093571663,0.0018978196287259997,0.09998976059462139,0.1010418581197112
iteration1_keff,alpha_base,2,0.05160948395729065,0.011368742483730281,0.04845822931499741,0.054760738599583886,0.05160948395729065,0.25594681829214094,0.003968386030434962,0.2548468378045262,0.25704679877975567
iteration1_keff,alpha_slope,2,0.053602672815322876,0.010305607729768773,0.05074610409221542,0.05645924153843033,0.053602672815322876,0.1318593829870224,0.002177041861377242,0.13125593777028452,0.1324628282037603
iteration1_keff,SS316_T_ref,2,0.19501630783081056,0.008961162758642222,0.19253240024086127,0.19750021542075985,0.19501630783081056,0.4222294849157333,0.008672785181709506,0.419825511511939,0.42463345831952765
iteration1_keff,SS316_k_ref,2,0.17220319628715516,0.00912186045121489,0.1696747455693753,0.17473164700493501,0.17220319628715516,0.5052224767208099,0.010739712385882252,0.502245580326038,0.5081993731155817
iteration1_keff,SS316_alpha,2,0.02187648057937622,0.009597792585121482,0.019216108204602567,0.024536852954149875,0.02187648057937622,0.06332977004349231,0.0013090895641045624,0.06296690892917244,0.0636926311578122
iteration2_keff,E_slope,2,0.023355385065078737,0.008868611772850601,0.02089713129955568,0.025813638830601792,0.023355385065078737,0.0269148600474,0.0004357708984327982,0.02679407051692837,0.027035649577871627
iteration2_keff,E_intercept,2,0.012182799577713012,0.007639881216911964,0.010065132545865245,0.01430046660956078,0.012182799577713012,0.04041930310428143,0.0010344318316786302,0.0401325732292422,0.040706032979320655
iteration2_keff,nu,2,0.00011015772819519044,0.008446251019329158,-0.002231023609382413,0.0024513390657727938,0.00011015772819519044,0.03120489675551653,0.0005731225908667735,0.031046035278298915,0.03136375823273414
iteration2_keff,alpha_base,2,0.5524618554115296,0.00415344282185547,0.5513105797983646,0.5536131310246946,0.5524618554115296,0.5793411350250244,0.006382416754764786,0.5775720193593045,0.5811102506907443
iteration2_keff,alpha_slope,2,0.0605858039855957,0.008300771917864096,0.05828494739761151,0.06288666057357989,0.0605858039855957,0.07874111190438271,0.0011639314286412857,0.07841848657241958,0.07906373723634584
iteration2_keff,SS316_T_ref,2,0.009866267442703247,0.009058083811379649,0.007355494707570853,0.012377040177835641,0.009866267442703247,0.13604916900396347,0.002468069147633358,0.13536505513911776,0.13673328286880918
iteration2_keff,SS316_k_ref,2,0.147155179977417,0.010225542528634073,0.14432080419580004,0.14998955575903397,0.147155179977417,0.2946255326271057,0.004589199706449224,0.29335347136790707,0.2958975938863044
iteration2_keff,SS316_alpha,2,0.0058712542057037355,0.008180851254515184,0.0036036379297088405,0.00813887048169863,0.0058712542057037355,0.01405510824173689,0.00027756242516155497,0.013978171862707436,0.014132044620766343
iteration2_avg_fuel_temp,E_slope,2,-0.0002998363971710205,0.0070839284034936575,-0.0022634011712987607,0.00166372837695672,0.0,0.0011783193494193257,2.2778012734725845e-05,0.0011720056064107877,0.0011846330924278636
iteration2_avg_fuel_temp,E_intercept,2,0.0037723326683044432,0.006991716079381793,0.0018343278463745834,0.005710337490234303,0.0037723326683044432,0.01580784784629941,0.00025585713287362656,0.01573692786734081,0.015878767825258006
iteration2_avg_fuel_temp,nu,2,0.0018399345874786377,0.007573930471068338,-0.0002594518302818773,0.003939321005239153,0.0018399345874786377,0.0064380597695708275,0.00010715644907611449,0.006408357517269308,0.006467762021872347
iteration2_avg_fuel_temp,alpha_base,2,0.018389875888824462,0.00776486764317622,0.016237564387146144,0.02054218739050278,0.018389875888824462,0.03844964362680912,0.0006878516265767616,0.038258980883364886,0.03864030637025335
iteration2_avg_fuel_temp,alpha_slope,2,0.00030728697776794434,0.007373606975060604,-0.001736572599829009,0.0023511465553648974,0.00030728697776794434,0.004578747050836682,9.287219485157508e-05,0.004553004191801498,0.004604489909871867
iteration2_avg_fuel_temp,SS316_T_ref,2,0.19317291259765626,0.010029369995688932,0.1903929130679439,0.19595291212736862,0.19317291259765626,0.2377280956506729,0.0031281729090760096,0.23686101035819407,0.23859518094315174
iteration2_avg_fuel_temp,SS316_k_ref,2,0.6949953532218933,0.0038003671376439954,0.6939419451952749,0.6960487612485118,0.6949953532218933,0.754703917503357,0.009711114005910187,0.7520121340333067,0.7573957009734072
iteration2_avg_fuel_temp,SS316_alpha,2,0.009737833738327026,0.007451677272396147,0.00767233417836123,0.011803333298292822,0.009737833738327026,0.01872309949249029,0.00031986878650569803,0.01863443638838328,0.018811762596597302
iteration2_max_fuel_temp,E_slope,2,0.001121823787689209,0.00921604686516566,-0.0014327340720747222,0.0036763816474531404,0.001121823787689209,0.0012282469728961587,2.399531360846608e-05,0.001221595811300215,0.0012348981344921025
iteration2_max_fuel_temp,E_intercept,2,0.012806328535079957,0.008679538989300663,0.010400483071332204,0.015212173998827709,0.012806328535079957,0.016593836285173892,0.00027470886150590825,0.01651769087363533,0.016669981696712455
iteration2_max_fuel_temp,nu,2,0.005849064588546753,0.009517035747290075,0.0032110768671749445,0.008487052309918561,0.005849064588546753,0.009323941357433797,0.00015813609167447204,0.009280108269146641,0.009367774445720952
iteration2_max_fuel_temp,alpha_base,2,0.02575818657875061,0.0092881072688468,0.02318365459414827,0.028332718563352947,0.02575818657875061,0.04410958290100098,0.0006567570055677813,0.04392753914676731,0.044291626655234645
iteration2_max_fuel_temp,alpha_slope,2,0.002835819721221924,0.009164879561869304,0.00029544471433525865,0.00537619472810859,0.002835819721221924,0.006185528906062245,0.00010737280746408508,0.006155766682275272,0.006215291129849219
iteration2_max_fuel_temp,SS316_T_ref,2,0.1975661301612854,0.008206320673996,0.19529145412239324,0.19984080620017758,0.1975661301612854,0.23090689927339553,0.0035056351492228134,0.22993518678593403,0.23187861176085703
iteration2_max_fuel_temp,SS316_k_ref,2,0.6898283994197846,0.0044872268186648585,0.6885846036030021,0.691072195236567,0.6898283994197846,0.7335630357265472,0.007916356994885338,0.7313687335189034,0.7357573379341911
iteration2_max_fuel_temp,SS316_alpha,2,0.012662063837051391,0.008757280163944068,0.010234669619090676,0.015089458055012106,0.012662063837051391,0.018017537742853165,0.00034382321892351326,0.017922234808838124,0.018112840676868205
iteration2_max_monolith_temp,E_slope,2,0.00048065543174743655,0.006890082328606682,-0.0014291779517491855,0.0023904888152440585,0.00048065543174743655,0.0014071727660484611,3.281775581331557e-05,0.0013980761482383247,0.0014162693838585976
iteration2_max_monolith_temp,E_intercept,2,0.028634228706359864,0.007363979207403003,0.026593037809803877,0.03067541960291585,0.028634228706359864,0.032098298408091065,0.0005066217113372236,0.03195787003423858,0.032238726781943554
iteration2_max_monolith_temp,nu,2,0.008825572729110718,0.007242225434435308,0.006818130256606927,0.01083301520161451,0.008825572729110718,0.012516478486359119,0.00020351648372475485,0.012460066595154912,0.012572890377563326
iteration2_max_monolith_temp,alpha_base,2,0.02176156997680664,0.0081074932673167,0.019514287497451027,0.024008852456162254,0.02176156997680664,0.03526464127004147,0.00043677566901988726,0.035143573231372335,0.0353857093087106
iteration2_max_monolith_temp,alpha_slope,2,0.0028965723514556884,0.006851269276176369,0.0009974973972072996,0.004795647305704077,0.0028965723514556884,0.005549443745985627,7.957285657571218e-05,0.005527387275444263,0.005571500216526991
iteration2_max_monolith_temp,SS316_T_ref,2,0.18674046635627747,0.0082181927736576,0.18446249953925165,0.1890184331733033,0.18674046635627747,0.20028395742177962,0.002609722175760602,0.19956057934076227,0.20100733550279698
iteration2_max_monolith_temp,SS316_k_ref,2,0.7093612992763519,0.003920514840385851,0.7082745880056353,0.7104480105470686,0.7093612992763519,0.7308203494548797,0.008492042889292176,0.7284664752585267,0.7331742236512327
iteration2_max_monolith_temp,SS316_alpha,2,0.00928351640701294,0.007344155050886603,0.007247820486294538,0.01131921232773134,0.00928351640701294,0.015003259349614382,0.000205415025358388,0.014946321209518082,0.015060197489710683
iteration2_max_global_stress,E_slope,2,0.018176419734954832,0.008819157804669114,0.0157318739100448,0.020620965559864864,0.018176419734954832,0.01799583815038204,0.00020957353292148787,0.017937747330797924,0.018053928969966156
iteration2_max_global_stress,E_intercept,2,0.19490261793136596,0.008723186410740491,0.19248467401964708,0.19732056184308483,0.19490261793136596,0.19886452466249466,0.002342459588952854,0.19821522799097308,0.19951382133401624
iteration2_max_global_stress,nu,2,0.051602383852005,0.009009451402086066,0.04910509133298021,0.054099676371029796,0.051602383852005,0.054095590710639956,0.0005999490235570931,0.05392929332565396,0.05426188809562595
iteration2_max_global_stress,alpha_base,2,0.059135187864303586,0.009002952441813287,0.05663969676515957,0.0616306789634476,0.059135187864303586,0.06284915216267109,0.0009122300148053213,0.06259629490311856,0.06310200942222362
iteration2_max_global_stress,alpha_slope,2,0.008761124610900879,0.008837658465164286,0.006311450664533761,0.011210798557267997,0.008761124610900879,0.009923558011651038,0.00018587588190392736,0.009872035845802147,0.00997508017749993
iteration2_max_global_stress,SS316_T_ref,2,0.13129263997077942,0.00786370148288096,0.12911293312642086,0.13347234681513798,0.13129263997077942,0.13495597690343858,0.0016252935684987692,0.13450546851078646,0.1354064852960907
iteration2_max_global_stress,SS316_k_ref,2,0.513459849357605,0.004884678606919235,0.5121058855257922,0.5148138131894179,0.513459849357605,0.5268511688709259,0.005953735317562764,0.525200877637282,0.5285014601045698
iteration2_max_global_stress,SS316_alpha,2,0.012439064979553223,0.008828966309100735,0.009991800375924408,0.014886329583182038,0.012439064979553223,0.017753722406923772,0.00025147041372898044,0.017684018364476077,0.017823426449371467
iteration2_wall2,E_slope,2,0.035098341703414915,0.007191651498509922,0.033104917610744425,0.037091765796085405,0.035098341703414915,0.038538837358355525,0.0004719173885053865,0.0384080285320113,0.03866964618469975
iteration2_wall2,E_intercept,2,0.007158737182617187,0.007907244971181152,0.004966960699084023,0.009350513666150351,0.007158737182617187,0.026317550130188466,0.00039436903276221025,0.02620823661138486,0.026426863648992074
iteration2_wall2,nu,2,0.044107016324996945,0.007285393657636325,0.042087608231497126,0.046126424418496764,0.044107016324996945,0.06597992524504662,0.0009218323523962634,0.06572440635330797,0.06623544413678527
iteration2_wall2,alpha_base,2,0.7170271027088165,0.0034450536923422044,0.716072182544473,0.71798202287316,0.7170271027088165,0.7417805850505829,0.006723336290065029,0.7399169713108851,0.7436441987902807
iteration2_wall2,alpha_slope,2,0.06946538209915161,0.007710547918474239,0.06732812725698337,0.07160263694131985,0.06946538209915161,0.08256838947534562,0.0013248213569415743,0.08220116773052678,0.08293561122016445
iteration2_wall2,SS316_T_ref,2,0.016070228815078736,0.008601038167789595,0.013686142668912906,0.018454314961244566,0.016070228815078736,0.06140052385628223,0.0012105879449669922,0.061064965997799564,0.0617360817147649
iteration2_wall2,SS316_k_ref,2,0.01712150454521179,0.008504218891909417,0.014764255333123545,0.019478753757300037,0.01712150454521179,0.07091974809765816,0.0012761532495228795,0.07056601646396238,0.07127347973135395
iteration2_wall2,SS316_alpha,2,0.0010816431045532226,0.007913559575706232,-0.0011118836980545783,0.0032751699071610235,0.0010816431045532226,0.009791258219629527,0.00022238876259035177,0.009729615199611297,0.009852901239647757
