E_intercept,alpha_base,alpha_slope,nu
207036224850.9834,9.67118917475383e-06,4.807158500432682e-09,0.24248731802377155
208803700985.2652,9.429424869199194e-06,4.906317446873578e-09,0.23728410934798091
211307231072.02304,9.397627273980669e-06,5.030534634198693e-09,0.24406526114091828
214782068230.9529,9.286809145793236e-06,5.196969704443138e-09,0.25063825582661264
211767114283.37146,9.393858803657486e-06,5.061549250692413e-09,0.2569301367387419
211141583998.6097,9.050083103246435e-06,5.018708398087614e-09,0.2544571868365498
216907007731.34338,9.362147013483069e-06,4.7702825980056665e-09,0.26759326395649075
214515921778.25928,9.518966690463808e-06,4.705797993336962e-09,0.26521311859607083
215569299183.4564,9.852936763450703e-06,4.605719964038217e-09,0.25811949820681546
214727652965.62787,9.694194343052248e-06,4.562258457148208e-09,0.249732479901682
207865224220.44135,9.959930757910742e-06,4.7998860945094274e-09,0.2327078633969575
214363683141.3822,1.0093301859753781e-05,4.7080677634010555e-09,0.24477169082773723
209920956577.0577,9.600444415539938e-06,4.490626054501683e-09,0.251782712707436
210099002752.54224,9.560351036883335e-06,4.417699039146727e-09,0.2532495199906525
206472503630.6084,9.77093618521883e-06,4.370049850086164e-09,0.24445248554356763
206472503630.6084,9.77093618521883e-06,4.370049850086164e-09,0.24445248554356763
223753035205.4116,9.936451602814429e-06,4.539681238147837e-09,0.23780719869258332
213791139759.49872,1.0236933877917282e-05,4.406862510685149e-09,0.24235645289488447
226326946643.4129,9.968861396192446e-06,4.362453797338331e-09,0.24256400699712777
224704614227.04153,9.764396110787854e-06,4.527686668916941e-09,0.25249417035408583
217478333509.80115,9.941920229380073e-06,4.4219032154047884e-09,0.2603926106696682
216050980298.6367,9.956924522865695e-06,4.464444170347567e-09,0.2601989111819362
217754438031.678,9.666559207447254e-06,4.5178676393550205e-09,0.25414061934707527
223150292051.04416,9.847339615847793e-06,4.640825200866644e-09,0.26324954044406396
221574681171.14316,9.608327571612153e-06,4.784308535740796e-09,0.27173501201752415
219739455338.08408,9.175133898435189e-06,4.798501296924203e-09,0.2583862393182738
222704567280.4386,9.140670159859281e-06,4.986663039353172e-09,0.2711934948729363
214961363184.49896,9.150239549449865e-06,5.017739044433019e-09,0.2648338399501923
213740942818.92993,8.86417661859127e-06,5.367392574654877e-09,0.2654179978017123
205570232388.04416,8.901627567730694e-06,5.197467341325546e-09,0.2651419418896719
206068789518.95578,8.927718018465972e-06,5.257837543899165e-09,0.277749546125028
203086064995.96912,9.029334901511113e-06,5.3408636215454584e-09,0.27207376398264904
203321641458.16235,8.936114785970206e-06,5.36320103189557e-09,0.2841173555678513
205799475585.2392,9.027897903451846e-06,5.172886445672095e-09,0.28772003676404595
201229135090.461,9.150368817794551e-06,5.2602526769515775e-09,0.2928160799583633
212725981384.26178,9.018334688055059e-06,4.903379667766335e-09,0.29316321898987185
220082241072.12738,9.019632973962188e-06,4.9844130192170545e-09,0.2956382088999086
214304077082.82428,9.038545604960507e-06,4.936093980866616e-09,0.30653647542411444
209367084073.01868,9.073999238682232e-06,4.814580914090437e-09,0.2983039456875507
213882516433.19467,9.240896180698219e-06,4.890015481196412e-09,0.2918982183749373
210566984215.39902,9.056965841154887e-06,4.933064297573774e-09,0.29487652010868853
207776133333.9827,8.929270547524161e-06,4.859382814937527e-09,0.30939110640889733
208865454677.93564,9.022382241244561e-06,4.745225614199082e-09,0.3193303032858498
204676728538.73184,9.084667942159822e-06,4.68024513815739e-09,0.3162137315626436
206396938992.38333,9.195224897185358e-06,4.701973149846969e-09,0.31753141324434925
207154648625.22858,9.376910655882376e-06,4.758784580733261e-09,0.31147627835828096
213067464824.1409,9.066021046937286e-06,4.708782953371767e-09,0.3138525101049118
212348558582.7269,9.300309497698765e-06,4.632504516441995e-09,0.3284765843207452
208267460083.7591,9.406034641065191e-06,4.445862690676221e-09,0.3256415998581321
212463699622.7174,9.191306996004053e-06,4.510361668999616e-09,0.32520495515879383
207892212531.72635,9.099897121687434e-06,4.554505608853087e-09,0.32094019032502336
207585794033.9802,9.28070690400882e-06,4.562662650320977e-09,0.3075156254722274
207675709429.59158,9.474374876873309e-06,4.585088133426312e-09,0.3046324484642715
210123010674.90997,9.22374114318513e-06,4.5350020941518194e-09,0.30858170627419257
211861802536.82617,9.281830278027476e-06,4.5692895365771226e-09,0.3043374148417046
203110165159.37457,9.060079125608305e-06,4.677624612295859e-09,0.3084717325837401
203161147183.78644,9.140530652074606e-06,4.7847130924761346e-09,0.3108476960752734
199649086249.0487,9.116169498292057e-06,4.971501149701725e-09,0.31302265780432503
203554187070.17456,8.857490096926443e-06,4.784619447022421e-09,0.3210262214699974
196518131656.0543,8.836186158775486e-06,4.6885417471574924e-09,0.3355562554071072
193640530066.288,8.785451514315924e-06,4.71682162232283e-09,0.3309511514754379
193864139812.0845,8.848927622462041e-06,4.806674225151907e-09,0.3396084854920405
204496742424.47995,9.003613558307412e-06,4.653762600068518e-09,0.3389616338992871
210607305659.3806,9.280757501992475e-06,4.540790645153217e-09,0.3338233302573926
209527292291.6638,8.982050930994217e-06,4.522802444598856e-09,0.3290995563225542
203514001495.69836,8.90161671163271e-06,4.502622715561374e-09,0.3240554073840728
203514001495.69836,8.90161671163271e-06,4.502622715561374e-09,0.3240554073840728
205620127008.85394,9.090253784027287e-06,4.405327202240508e-09,0.32875210997445686
195869214384.0529,9.299653447273567e-06,4.481613117413445e-09,0.33671062125918144
196731307522.77707,9.456881023900963e-06,4.438025555525476e-09,0.3294281942658252
198836908434.08353,9.362538211936716e-06,4.210862298623642e-09,0.3327377894459149
205016396656.9226,9.186376990577742e-06,4.266392029431243e-09,0.34070293342251895
204400323524.12827,9.192855871073377e-06,4.202507858899536e-09,0.3415595889856742
202450352647.9016,9.347376144295441e-06,4.2664952077011506e-09,0.35296699444455965
201501529828.5578,9.376125105216898e-06,4.515782580528439e-09,0.33780610996474153
211606526938.96487,9.563785037963314e-06,4.258518632969474e-09,0.32153240794455396
203723626607.92065,9.836282742643914e-06,4.3295517925233915e-09,0.3168258290564848
204918035844.90598,9.808696868006068e-06,4.32163075443827e-09,0.29670812927075396
204240848118.37036,9.902929504981808e-06,4.345939006699605e-09,0.3037354863710576
197143296797.61197,9.810770358786152e-06,4.102364732341477e-09,0.2976626171617868
208941481689.9697,9.955131941164771e-06,4.1725333832728005e-09,0.29231525546121634
204986784159.53467,9.796939042757721e-06,4.43396273887662e-09,0.2837914703141983
201348340064.08936,9.493181370626538e-06,4.506117430002808e-09,0.28738572704670895
201112789351.75372,9.500834546419465e-06,4.5976388623810375e-09,0.2754298161638927
208860008747.53888,9.664586302277142e-06,4.627655212153737e-09,0.27926291125605934
203151798515.44156,9.477139476009609e-06,4.62982144886711e-09,0.2848156384455443
202911152857.75818,9.320639572824433e-06,4.633666285924851e-09,0.2921682039225991
206171825002.48434,9.313151247986138e-06,4.572293752769201e-09,0.28640466485570065
201966345614.07455,9.551692591045084e-06,4.467762846355131e-09,0.27633517681068676
207480110502.885,9.587051441522557e-06,4.62446474015342e-09,0.2720087822031703
213465576957.33746,9.66099064691702e-06,4.614270646769362e-09,0.27451210465894166
205987743807.866,9.480976577300019e-06,4.559962447781071e-09,0.2677209352702452
209306904974.3656,9.424356352402334e-06,4.830319059030252e-09,0.26426348801983457
207426039231.9738,9.552280076080032e-06,4.745101756502198e-09,0.2617080904038271
204385036779.48453,9.70452430896866e-06,4.794423472405953e-09,0.25110062223275176
208892539082.50775,9.941162223577428e-06,4.7411392712950955e-09,0.24137599871254659
212005197158.9695,9.78469450489563e-06,4.721950880909623e-09,0.23805350369737038
213193181218.00574,9.81660750203002e-06,4.8021739046592046e-09,0.23393651425614267
208257774600.94116,9.501090233388418e-06,4.9905956005145295e-09,0.24339430683941565
210153821402.04984,9.608462044757316e-06,5.08324820184571e-09,0.23460318303153743
205707123218.73407,9.537819595860691e-06,5.260822839634628e-09,0.22568391918259256
206644380438.75613,9.619207846915765e-06,5.324270810189652e-09,0.2264644454193558
206711684801.0624,9.443979607399675e-06,5.366167022288974e-09,0.2216657519618753
203736125394.75626,9.312994600939841e-06,5.4320910105757005e-09,0.2265526191848991
204256773430.5756,9.518692074322497e-06,5.454764372852464e-09,0.22806691148754266
197530233627.65793,9.38512965148518e-06,5.28468674965234e-09,0.22122749589558538
203876651248.76135,9.480899029629634e-06,5.382600357806254e-09,0.23322077513904882
201725889160.09494,9.252560372119127e-06,5.409182426657319e-09,0.2297809636661582
213668944964.5639,8.848186473409356e-06,5.4428806641120325e-09,0.2385124095093222
203730377786.4286,9.05723282724376e-06,5.208100939035865e-09,0.23988828680213273
203268617295.048,9.204941041595636e-06,5.208274438311925e-09,0.23813675449879362
201292450223.15674,9.287382831241317e-06,5.166737546621029e-09,0.2385030186028678
202529858030.13663,9.47343780004816e-06,5.09321684069806e-09,0.24167083365955727
201625355006.57257,9.60919364339852e-06,5.079824366308093e-09,0.24098724846833605
202424931700.62354,9.14183628868624e-06,5.169378084779065e-09,0.25845435195867117
203174959656.59177,9.134680017899368e-06,5.122143738204502e-09,0.25549566470369933
213946293395.8101,9.025559164157052e-06,5.192905503131452e-09,0.25977882283751264
213850627313.8438,9.26774160007495e-06,5.089985138160323e-09,0.2833886129584688
207443986690.17142,9.318974713127739e-06,5.139654607010448e-09,0.2683749431830323
205531361346.28775,9.43964442153451e-06,5.002962484469764e-09,0.2610538844345496
204832598922.20587,9.456054818500029e-06,4.936323072648973e-09,0.25914775414531066
209107493918.99225,9.561122398783946e-06,5.010585889174516e-09,0.2514433549180509
205142016921.11096,9.774773805223289e-06,4.93850742312971e-09,0.24781971278278447
202670296677.6392,9.452534975437924e-06,4.891004326390746e-09,0.25383859161875993
206104038638.29465,9.569744808944935e-06,4.712305625501552e-09,0.2627890071138084
207403314330.06143,9.565442020792868e-06,4.696370396006125e-09,0.2654868962313094
198316731576.55466,9.944629365698017e-06,4.481931836176603e-09,0.26423025389363053
191709570388.40088,1.0042086722479693e-05,4.4963969183769e-09,0.26101488949650553
202567077691.3239,1.0087995143913763e-05,4.481882973338376e-09,0.26525895228661095
207501524510.58014,1.0075312966577693e-05,4.433369957546504e-09,0.2554783682930672
205895184143.28772,1.0132255313628206e-05,4.4614843854095936e-09,0.25637767727068667
199320008797.73834,1.0212581031739432e-05,4.454145971196564e-09,0.25637937487230056
197218723246.49304,1.0055346934679955e-05,4.200962519970473e-09,0.27089720149722185
198796255083.44363,1.0117097418957236e-05,4.22443898820538e-09,0.2753794206678693
197309567024.4836,9.885264531541267e-06,4.168175005875204e-09,0.27799821517461487
205294377421.50757,9.911148434173405e-06,4.139790662119186e-09,0.27999423865578604
202966553949.87134,1.0098091147729203e-05,4.077340252325489e-09,0.2752794883603488
210696008475.08267,9.954274917560478e-06,4.014269251223542e-09,0.2772555275589288
208776992129.73392,9.903086380262828e-06,4.092835423973262e-09,0.2869780935360903
208670552585.42303,9.903284404820864e-06,4.254741594650158e-09,0.29127794119847006
196107988721.28925,9.828569400096224e-06,4.307759024534608e-09,0.3025710631141637
205105810900.74197,9.843771001733464e-06,4.179644127117583e-09,0.2777849755868364
207234198928.2668,9.702632383986447e-06,4.1912377634706625e-09,0.2819806448704524
210099617727.78632,9.681783784517665e-06,4.205890805414308e-09,0.28393359392516293
212553420771.56854,9.816354477362557e-06,4.304706343580778e-09,0.30063375750908
209561106137.63263,9.706346232512985e-06,4.2258932823087135e-09,0.3019612119735619
212381673513.59433,9.665382111719309e-06,4.301750180767837e-09,0.29901057375174345
209863439623.7853,9.597388180923723e-06,4.396657999363767e-09,0.2999959907469009
205185050254.94305,9.198767528647994e-06,4.768639921605769e-09,0.30260962866686997
207742971437.08746,9.128731043644026e-06,4.616137111764514e-09,0.3063666330831242
210356113916.64474,9.146830211430343e-06,4.726662415909874e-09,0.30000954915194106
216508214925.13382,9.281678848468337e-06,4.683744468600208e-09,0.29833294274272487
214991260717.09903,9.285877898056661e-06,4.6447830230241686e-09,0.29537985106523307
215193277451.50836,9.353905468828697e-06,4.599613560330493e-09,0.29354431331714786
214497609669.43472,9.205586261638424e-06,4.4766618802955725e-09,0.2888266560045042
211289435916.00198,9.508545320137304e-06,4.400369997352698e-09,0.29593575676189554
215965871282.92932,9.680958563286315e-06,4.27970761293944e-09,0.2903154168279438
216204900070.86697,9.750557175010426e-06,4.271808883565623e-09,0.28827171998902396
214777037301.44678,9.837024582133738e-06,4.169240937551367e-09,0.29305223028961247
213826565851.77884,9.8503961983454e-06,4.217055029236145e-09,0.2960250711348759
207913711868.84506,9.714000239730955e-06,4.224121399342875e-09,0.29360022054060525
199621178061.59293,9.346590236636667e-06,4.277406022615189e-09,0.29772971218442706
202771895097.9855,9.36651365812207e-06,4.365001687797076e-09,0.2914874777051185
198915687046.42853,9.33979649566948e-06,4.46790725599566e-09,0.3036400809650735
202378467144.97308,9.429570535719704e-06,4.481682683809838e-09,0.3037474996833112
197656895336.4147,9.49319262943062e-06,4.365660758055616e-09,0.30072231138911876
192559186460.23596,9.416772236220968e-06,4.2773482561389815e-09,0.3107166107092773
196193087718.9439,9.678375756119854e-06,4.2797657011358065e-09,0.3214008427402472
193927272312.45624,9.426269851193407e-06,4.028715409778032e-09,0.33789827387508803
193217277283.6949,9.413806290015725e-06,4.140204963105038e-09,0.34665273619639897
197837735380.52075,9.359905099033724e-06,4.126469341681322e-09,0.34489918650615137
197837735380.52075,9.359905099033724e-06,4.126469341681322e-09,0.34489918650615137
196662557123.80237,9.288274071738377e-06,4.176734131295429e-09,0.33790135493146534
203785090862.7639,9.375763816597281e-06,4.211367147273532e-09,0.3267078857010426
192522829990.31842,9.574631341772588e-06,4.313169206867391e-09,0.31801550303897713
196774491681.89093,9.204504963986865e-06,4.587504751560334e-09,0.3201043477991275
190948268068.41275,9.390992013575538e-06,4.494257340535927e-09,0.3088063841632679
194602623207.0266,9.244870986780986e-06,4.336491541479495e-09,0.32789627118518433
193953248470.6118,9.439284579898606e-06,4.33668167070385e-09,0.3337563906602824
189688008571.49408,9.197524467998518e-06,4.441058012519108e-09,0.3339204581114338
197016287429.33078,9.432419778459045e-06,4.382752706555154e-09,0.3192698368519184
191872121822.91367,9.350519626382111e-06,4.320158763750336e-09,0.31856213259110033
197433840733.58542,8.935754479525253e-06,4.373271119979038e-09,0.32371677370712315
198301050197.1744,9.077514164447626e-06,4.5433224071739165e-09,0.33568957993749793
202204263573.29233,9.198360392646824e-06,4.53398578221779e-09,0.33147943935146884
210838680534.20807,8.884329460482631e-06,4.482507512071371e-09,0.3346582648519216
212682063651.13937,8.992689113035931e-06,4.5329878345413305e-09,0.33075976205555385
207027111656.63318,9.033456079542872e-06,4.382737621100578e-09,0.3344391449280781
202558403989.54428,9.263463983469895e-06,4.432510713831037e-09,0.327496207671084
202291408244.99902,9.31342712341375e-06,4.430016145955977e-09,0.3164251140636224
193473836594.235,9.284772820001615e-06,4.464010964209441e-09,0.31551764819896355
196880846193.96304,9.248150047579239e-06,4.452532448224845e-09,0.31147880790400906
198920591892.50998,9.436400614660304e-06,4.501352154302137e-09,0.30734960326547844
197927314253.4702,9.495109881501032e-06,4.536237790282714e-09,0.30485746312450784
194074507799.7655,9.25311463181949e-06,4.520437110475565e-09,0.31483437947603043
194012683537.8039,9.092513445215523e-06,4.5429137219649245e-09,0.31465117534461734
195161418882.382,9.16436366555902e-06,4.642039353026416e-09,0.31254176876959217
199111928600.92227,9.160491804082038e-06,4.4242633738102045e-09,0.31305471495002263
199555203263.99478,9.078857079731123e-06,4.359226002083516e-09,0.3170858245971118
201663563022.35004,9.686368893509564e-06,4.10678529626067e-09,0.30781970809556647
202969945067.06253,9.845477127366208e-06,3.9611498703847045e-09,0.3163866431888059
202495738154.0797,9.751151885628722e-06,4.1730104299511995e-09,0.3223261808874381
204957572482.40073,9.598010997429669e-06,4.225979522327377e-09,0.3237276124953606
203248144775.53558,9.649346415883008e-06,4.099969669454099e-09,0.3147681678885618
205507080102.58975,9.980660801125737e-06,4.055547097375819e-09,0.3144046783296897
203930483449.49448,9.808960243700132e-06,4.009124154975923e-09,0.307439157962042
210511608914.71924,9.790372130013554e-06,4.1164704457406995e-09,0.30665064871956954
212927603807.71756,9.75604041688241e-06,4.258223212162836e-09,0.304301369636871
211606318093.30704,9.66463148546625e-06,4.167112060414674e-09,0.302818520495237
203962097360.22665,9.922684520755614e-06,4.090944446670804e-09,0.2926435382018013
203268062977.68146,9.921599290856243e-06,4.334407327267023e-09,0.2836273833440783
203105878339.5463,9.847638047669338e-06,4.225130226706092e-09,0.2953939377071343
206494160170.3929,9.652203376829048e-06,4.1965183728044205e-09,0.2929075227671276
213795878457.52808,9.48209546497125e-06,4.15018690864865e-09,0.28453332719136176
215506618587.47656,9.874566648573296e-06,4.092177950954457e-09,0.2783748072161221
208299115778.76315,9.999730243402208e-06,4.160995332488548e-09,0.27623364155970814
205936683423.12936,9.52964636307238e-06,4.3436507041537844e-09,0.2729831981284948
204477246390.49658,9.597734475370681e-06,4.422195332348336e-09,0.2661303868254447
209154722156.21097,9.803664772396631e-06,4.321711049783495e-09,0.2929733759813896
204712494954.71317,9.719672195417395e-06,4.379197299642796e-09,0.2990169925195875
202024044210.50238,9.617991124766566e-06,4.4856555121356865e-09,0.2987916495612248
202584030532.67337,9.552504183299674e-06,4.354664210302784e-09,0.30905606791310475
196895543199.28464,9.493329604023557e-06,4.157514117367717e-09,0.32500311045251157
210127620505.3732,9.4370650555676e-06,4.226722896594338e-09,0.31724072635079764
207224138837.8287,9.663006271707331e-06,4.222165208345054e-09,0.32157672934312725
213147510385.71265,9.276969731790145e-06,4.409526059095728e-09,0.32445709908477527
210057387920.95123,9.41176681053321e-06,4.448121269116078e-09,0.31799014858637115
207443651406.62305,9.319324921267433e-06,4.622562617089079e-09,0.3099832570407519
197909516329.22128,9.43688720548226e-06,4.4173728753459585e-09,0.31248964320909745
189877368828.7794,9.735164136738976e-06,4.319372078105418e-09,0.31719475182605333
192119228057.1979,9.732387141148947e-06,4.119851739335027e-09,0.3138645281884738
200324349095.81363,9.700944043412362e-06,4.241382872469867e-09,0.3080696831889732
208477579190.72403,9.539624268248102e-06,4.158186055175695e-09,0.3155395630515322
209062106585.35162,9.273760852149854e-06,4.356887339553756e-09,0.31526455184250496
205074774747.00522,9.368357045998377e-06,4.4180271847507085e-09,0.3171695890165006
201460682447.76083,9.041977135289064e-06,4.476569990313886e-09,0.31703205060329376
194607107159.96063,9.29976443552882e-06,4.5801562940442124e-09,0.32654837115406393
199668804496.91446,9.296094664833403e-06,4.63503779104764e-09,0.3207627849284612
199253024412.11926,9.297535307038248e-06,4.65733962434133e-09,0.3051494355641231
192389673076.39032,9.359585194942593e-06,4.568415298070155e-09,0.311306637404338
206199263143.42432,9.034573335033404e-06,4.569970664472036e-09,0.31242871482166745
208393037822.1501,9.27055730369706e-06,4.621478683398374e-09,0.29779181140356364
207510004338.175,8.937772168491588e-06,4.587655316228767e-09,0.3041458105140807
208522080090.2095,9.177725331498431e-06,4.752360825625086e-09,0.3136174432580109
204860068813.81134,9.095464630016546e-06,4.675611819849306e-09,0.3149293297477257
203301266753.09674,9.066891383045827e-06,4.745062443090214e-09,0.30383323713351174
195895904759.71106,8.987441815607552e-06,4.839854607681888e-09,0.31490915199503927
195198793136.01535,8.962949580675813e-06,4.863436103597295e-09,0.3136265486880449
203853445872.71954,9.287824991483808e-06,4.812484844375708e-09,0.31540913735020504
202424871349.25748,8.958633755048884e-06,5.075367818704613e-09,0.31089699774348023
206183235097.7203,8.839927514511136e-06,4.9978033332365865e-09,0.31620918529945263
201715609161.81454,8.75214322217196e-06,4.839991543832553e-09,0.3282310685651235
201255449612.22275,8.91217919584282e-06,4.851767228852361e-09,0.33188721658546666
204056199763.88074,8.536063586383733e-06,5.163890937735203e-09,0.3134075288002356
203688671649.4624,8.567103837336656e-06,5.141779163298381e-09,0.32060152453082347
199019421122.11508,8.492751443467932e-06,5.214065492477076e-09,0.32584792551959596
199572451319.0569,8.540554978134938e-06,5.3724765338664615e-09,0.3290905104844393
194538590133.09595,8.649301574793192e-06,5.290645305830181e-09,0.32632200319820304
193590578637.71317,8.413824557271604e-06,5.2504560258907925e-09,0.3277272661607712
191503501869.42334,8.499874844751075e-06,5.368447627812172e-09,0.31225590166338235
190106106123.99445,8.41611605388404e-06,5.312680076209836e-09,0.317258147884006
196914413523.44638,8.702510717758724e-06,5.557821240527279e-09,0.3080602126740956
199209322373.95514,8.297006320779637e-06,5.548136835352604e-09,0.3064326885960092
195716464777.462,8.421530294503504e-06,5.849413546195271e-09,0.28326783958143076
202830585532.67902,8.270357991586965e-06,5.981562646162853e-09,0.2839044488045518
206184211041.26663,8.293341110844849e-06,5.877924954402617e-09,0.28854038046373137
206959011743.83575,8.145534316509614e-06,5.981380570720411e-09,0.28585274809352157
204008274528.37692,8.27298649429243e-06,5.9688824997019306e-09,0.28749871318930387
204448574537.36804,8.204922956586081e-06,5.8160389655406224e-09,0.29330026612607374
203661470818.08124,8.091691294461759e-06,5.804802685229948e-09,0.3020748777971396
215177388970.17456,8.079663041754129e-06,5.659286600974501e-09,0.30731056480755475
206018246785.51614,8.067643650812218e-06,5.614766399840694e-09,0.3146545122728859
204473942264.91797,8.073860386809752e-06,5.77085334620285e-09,0.3106687543018509
206532410292.13174,8.248580188073235e-06,5.660675577702009e-09,0.31681598096757574
206608359314.5789,8.078004189853476e-06,5.6914408856132416e-09,0.31085211938161095
208705109492.0787,8.22159567370791e-06,5.781016059517587e-09,0.30662607221236743
203479056337.3459,7.851456109607382e-06,5.887276998000748e-09,0.31485151777162645
208380943550.71857,7.578874118680783e-06,5.911783030196542e-09,0.3166387253573274
208513529112.85645,7.793656631243944e-06,5.946975279824921e-09,0.30637637396793765
209768134007.75946,7.451995150138932e-06,5.871481989594074e-09,0.30503628229549334
202561529010.51324,7.620859278923213e-06,6.14745326362125e-09,0.3233286660414992
203630611083.03818,7.571065304991048e-06,6.034416478947312e-09,0.3276890119265868
198172549730.82526,7.592400740728652e-06,5.968792960325351e-09,0.3393389684582003
214275761640.8892,7.839454683759794e-06,5.812386842027044e-09,0.34644595223024144
205589946950.95242,7.77304175998783e-06,5.5722656013288695e-09,0.3406875392574254
206420519142.0355,7.796109520130106e-06,5.501521423246213e-09,0.34774916108767984
200486148151.84512,7.80972870661215e-06,5.699388399162046e-09,0.34987129510576315
202193678706.439,8.080872424610607e-06,5.4676741019616366e-09,0.3464512184549645
199162723650.5466,8.140441494447573e-06,5.478690037226942e-09,0.34440877708493023
204104413728.9053,7.887696949329164e-06,5.485984956479864e-09,0.3598723243810006
195942358537.1298,7.82933589814536e-06,5.489205552973196e-09,0.35260858805048806
196900474715.8627,8.287779040905492e-06,5.242629007001321e-09,0.3574386149494457
201398839948.26462,8.102958813887678e-06,5.475340470647934e-09,0.3529294579527382
199559925817.7308,8.084000353983726e-06,5.531230351201456e-09,0.34582661527066305
188233436762.0508,8.0712956888384e-06,5.620806926559943e-09,0.3537941024440969
191602397997.93015,8.202928704811098e-06,5.522533553437566e-09,0.3524829740118932
188441848880.57986,7.990677684592382e-06,5.242194839635273e-09,0.3424966605619834
182420666523.60773,8.443021148814713e-06,4.941062715456636e-09,0.32715518067937216
181699986509.31714,8.62409993499084e-06,4.970383177209917e-09,0.31895809054019875
184947321891.85867,8.430270371645849e-06,4.938360039596881e-09,0.3162541208772671
192102040695.531,8.332073999024308e-06,4.970037175976703e-09,0.3288587966605705
187582866075.1539,8.455213414699413e-06,5.009964027338363e-09,0.32995011162229926
198508842746.17572,8.411526813303902e-06,5.028774469014514e-09,0.34396523509264815
193255932714.51593,8.553417147418685e-06,5.057008751463259e-09,0.34795052137590693
200448442395.3687,8.59159722015958e-06,5.051964876889557e-09,0.35040409685063034
198257636125.79614,8.6495178728026e-06,4.864876080448733e-09,0.35528188660256815
203518021667.00095,8.17041102065079e-06,4.954202034317056e-09,0.3359396593407791
200845475126.96948,8.189761369789066e-06,5.3857210163577495e-09,0.3384853790836628
204897864131.58102,8.343968582970606e-06,5.3286521936002435e-09,0.3390829473986917
202398650177.05594,8.174538147152442e-06,5.354001856118654e-09,0.35319203145855393
204519147747.2523,7.84645208373547e-06,5.347054019535929e-09,0.35459965798158727
199913499610.35608,7.770882641745801e-06,5.534189528534528e-09,0.35854956536569926
198158303812.80435,7.96017657839102e-06,5.703860271013183e-09,0.3496317607988698
196988871839.48077,7.701198121836485e-06,5.519226271908383e-09,0.3401885034193939
193931600458.7333,8.057633390736359e-06,5.46015946986782e-09,0.35048242653014366
191996447655.09238,7.981934669980622e-06,5.535556945439818e-09,0.3496306112314167
192452462988.2993,7.90299188242854e-06,5.438584892552947e-09,0.34266151302217207
189283980849.94342,7.820677748115252e-06,5.432274845762873e-09,0.35378819309532367
195128062407.9833,7.946494176213427e-06,5.6700008277872516e-09,0.35448956044604635
194541843704.918,7.912148891561184e-06,5.494587666016239e-09,0.35002819000351054
198373061530.50632,7.820003145140521e-06,5.49614411827256e-09,0.34475063826334135
195698630794.08978,8.13418377146276e-06,5.5824981050420926e-09,0.3490470330803918
196346835678.38916,7.858060223024521e-06,5.554932520176572e-09,0.3459446558730723
193930801725.52292,8.124125939182958e-06,5.422267023155189e-09,0.34788830106250296
201271079381.17145,8.1366492175326e-06,5.326106902372076e-09,0.3489910954600946
207566516926.34283,8.146104479547495e-06,5.3453481643138156e-09,0.3409999656705823
198525961779.59976,8.408240969470521e-06,5.275416655633677e-09,0.3376825951485542
201882713792.7859,8.487384437471034e-06,5.164774134366653e-09,0.3154087110702002
206412857841.1178,8.570045699893892e-06,5.128576389292921e-09,0.3246517868157911
197215747280.7448,8.53957761447504e-06,5.265753302508145e-09,0.3204746158128624
187357794865.07886,8.757295542689349e-06,5.353924770868353e-09,0.30837446593302853
185570314788.19617,8.743002743136067e-06,5.399699520247889e-09,0.30944128318499264
189535487727.07608,8.561062246479211e-06,5.3401373507322725e-09,0.30552485185524403
195438581181.82574,8.338792389678604e-06,5.306124846964801e-09,0.3083821100368742
192440332450.79474,8.478878049797668e-06,5.326013624445075e-09,0.3116944343282469
191310579657.14407,8.595036064753289e-06,5.358268024566744e-09,0.31611487872005356
189101215683.99298,8.444439442059399e-06,5.3788326295529375e-09,0.30980695674273495
190564927082.15433,8.731539888963956e-06,5.356833062893807e-09,0.3051677870786442
197630973329.74252,8.587432498214382e-06,5.383904112599571e-09,0.30205398534183225
192368547307.62894,8.442016242567e-06,5.33569473058636e-09,0.3058868067121465
194870677683.90317,8.323458734056507e-06,5.493798811018581e-09,0.3133777770722126
189779087998.7909,8.486154942169595e-06,5.300388849145859e-09,0.3111211948073056
199518643742.65454,8.60896555060856e-06,5.320091773952418e-09,0.3196673010765558
201267081013.1913,8.672240152814494e-06,5.234509596883882e-09,0.3188392535524072
204662417856.63794,8.788514650638694e-06,5.118926853887248e-09,0.32166395177695306
197066505445.59863,8.634600328323901e-06,5.015666670923389e-09,0.3242152023111796
200012079619.82886,8.808864599269862e-06,4.99617343144909e-09,0.3209942485688805
205496832499.41992,8.793525226753798e-06,5.295641500539578e-09,0.3209156961072476
214073022162.82474,8.681789025563082e-06,5.2339148427438965e-09,0.30776535190218085
213418346371.24496,8.621995244557287e-06,5.306883974399746e-09,0.2992053035608746
209312700627.67194,8.361956368241198e-06,5.26977305994149e-09,0.3102143503174956
208733769344.7179,8.472821234356853e-06,4.987093684932352e-09,0.3230349838163788
204444547902.035,8.357825710855215e-06,4.9004302345375135e-09,0.3191457355909139
194714583030.16077,8.377666443544669e-06,4.953129077500947e-09,0.32677099657389314
196832918440.464,8.579591706453558e-06,5.020488048370675e-09,0.3430389280837789
197981331305.45444,8.320419289910395e-06,5.011519019636384e-09,0.34974898508372415
200807913259.795,8.605036005556214e-06,5.037181180980865e-09,0.3403329134897238
197207432302.34158,8.475991077623594e-06,4.926594668330912e-09,0.3442138530572795
197866825716.25473,8.4954055478262e-06,5.045833698046209e-09,0.33946058543730173
201434062218.0205,8.481412290756515e-06,5.077034265782688e-09,0.3323779994774848
190873507021.73697,8.793276680166046e-06,4.882623366685626e-09,0.332309401234432
190115329485.1167,8.787246167005746e-06,4.8368863283392945e-09,0.3421024479281734
197111675994.49237,8.832538063634044e-06,4.6416505489582386e-09,0.32935762840479776
197050577155.59097,8.902252151794618e-06,4.761926145452739e-09,0.32294532997202874
194641638368.18216,8.80348421370002e-06,4.705343578514172e-09,0.3252184552070071
190145664166.06253,9.022028692878373e-06,4.704398690261589e-09,0.32273936824103777
198504624930.2767,8.851831320370365e-06,4.677561217516092e-09,0.3186164260134124
196890799241.1339,9.011083965472991e-06,4.694821633716549e-09,0.3129256804631322
196051193687.196,8.942003413021542e-06,4.661616237766302e-09,0.32198502350070984
202417309015.80853,9.026787308901561e-06,4.556986344131817e-09,0.3327863150821836
201256556485.38147,9.112696095360212e-06,4.504957115569576e-09,0.32323978381692886
197385227644.59387,9.133100145576897e-06,4.498454797483121e-09,0.326895064644507
196960823900.67194,8.642362915054528e-06,4.690106216413547e-09,0.32192366727205013
196380876065.611,8.983108200893924e-06,4.625641262331003e-09,0.3290801614888838
196202896384.77264,8.954793488493972e-06,4.642701286244842e-09,0.33257471256318466
207860377694.82532,9.109669441593926e-06,4.8436738472852094e-09,0.31676821016315665
202161168284.85364,8.784122028498106e-06,4.657544661738625e-09,0.31368740742437307
201915960851.12433,9.155840968800167e-06,4.494645672054619e-09,0.3006582855587867
206045447563.38696,9.511383037296274e-06,4.431519618899478e-09,0.3074128436581961
197750562983.35394,9.317071340877093e-06,4.329299623344559e-09,0.31876544582240907
200785809136.16367,9.524332889075055e-06,4.241832076770858e-09,0.3150930445461332
202245750904.57797,9.441667805104077e-06,4.087918851405374e-09,0.3141652172336758
203540939792.314,9.855833430598687e-06,4.153736371002834e-09,0.320827949541417
200370901389.953,9.50568656313447e-06,4.19139946679247e-09,0.3109250503094366
206120704557.86237,9.749291378983053e-06,4.153476912730686e-09,0.3020064884598574
203918204986.97147,9.91958432751729e-06,4.249285456943634e-09,0.30402540397855543
199926576382.19968,9.992438979460123e-06,4.096592204266406e-09,0.3050915947770233
201544042762.9878,9.871839509769506e-06,3.895728154207984e-09,0.3074587300063672
205420174560.97476,9.998600326131784e-06,4.034937386264165e-09,0.29059942938388933
201082021522.83575,1.0020199113340122e-05,4.094503054627783e-09,0.29134557370809566
200719851589.06467,9.611211391021205e-06,4.212511253737579e-09,0.287357247183638
200719851589.06467,9.611211391021205e-06,4.212511253737579e-09,0.287357247183638
201940067924.12485,9.733205230562233e-06,4.28473728818287e-09,0.2919200373416731
203015510994.13068,9.76232166460345e-06,4.395729723113077e-09,0.2878225550191692
207355029757.29083,9.488160878533597e-06,4.2952290029001514e-09,0.28978278155282655
205145833891.43942,9.561747644892831e-06,4.352200294461121e-09,0.2921622202727019
200469001490.7404,9.901703109116445e-06,4.4828599767624075e-09,0.2931241797468152
203009102714.70126,9.654772229394047e-06,4.673544031962938e-09,0.3047140412880777
203567553999.23685,9.65106647686422e-06,4.648517991649506e-09,0.30294470892351905
206285023359.55838,9.27492616378915e-06,4.644448832790628e-09,0.29816144628103364
206159908002.6078,9.412481304660653e-06,4.724509407290561e-09,0.30371462669182864
203210646473.3931,9.480340666833785e-06,4.7435627069374055e-09,0.28502170862039067
200023307578.79556,9.540825444308207e-06,4.696455205043777e-09,0.2872467870140388
205694990375.6694,8.883140647002843e-06,5.0204492722791384e-09,0.2880180865460262
211646161953.63608,8.849280775156114e-06,5.153965601056279e-09,0.288597495923552
210329739636.91937,8.865281107977017e-06,5.110206338128611e-09,0.29269280172558393
209732174232.00607,8.987846106967737e-06,5.030893723439773e-09,0.29071487181888694
208352299877.56226,8.98150774395264e-06,5.092509931257387e-09,0.2973582019543694
211634572513.21146,8.585541182409143e-06,5.0673358463600136e-09,0.30198983919558414
209424703545.5697,8.807607524068808e-06,4.928422291201132e-09,0.30591285227357623
206195510228.67157,8.85950552128721e-06,5.165204244221565e-09,0.29991523561556205
203897720198.6768,8.648854854898997e-06,5.264544791590633e-09,0.2989354837249153
200273547798.61322,8.5350090974859e-06,5.315629959065761e-09,0.30074880194997095
196237808702.5826,8.806158921592943e-06,5.204928973555507e-09,0.28762436451997564
195304531027.50137,8.864745017227095e-06,5.08870424004063e-09,0.2864073996070693
200021456150.00873,8.82492690117842e-06,5.005585141781568e-09,0.2958678697916648
199515366982.74973,9.216080119673296e-06,5.01979639009039e-09,0.28867252829303613
197589690937.63037,9.083704412561607e-06,5.153788280201578e-09,0.2950937798464602
198508669358.9176,8.922782967010027e-06,5.139025355374518e-09,0.2899510736778712
203839621552.92783,9.061263421029954e-06,5.148122746450276e-09,0.28327715879178994
207067351070.8484,8.958760262268208e-06,5.1264976135618955e-09,0.2716686904857116
208989916026.35248,9.018793377966642e-06,5.183443708117026e-09,0.27256857045441696
207086371924.1508,9.13899344200122e-06,5.1773233535641115e-09,0.2768940635749891
208412745841.78458,8.647793427715031e-06,5.382575847545889e-09,0.26645475246464
205122726333.04855,8.646453563040824e-06,5.453601126143253e-09,0.2654167601748847
198847248104.86206,8.784692786208859e-06,5.4315001357783985e-09,0.27344766861311376
200025065749.1464,8.86444180200712e-06,5.686042407887478e-09,0.27328271655608066
203071091145.81216,8.730662872379953e-06,5.494597069928979e-09,0.28271170025726244
201961807481.0455,8.672755632639863e-06,5.477025324392575e-09,0.2831442791283277
202386111975.13446,8.59467487494352e-06,5.520865258775331e-09,0.2891196196684886
204118272092.1364,8.453486162892052e-06,5.425662075864797e-09,0.2878261061877894
209003235566.988,8.348358292028864e-06,5.4917581003240136e-09,0.2827934400275703
206848576963.65985,8.578606241694415e-06,5.511598840512864e-09,0.29082209751182697
210057758373.4247,8.933514043781442e-06,5.38078543005084e-09,0.2975938874309446
212346527413.37387,8.723038095345027e-06,5.2749737001942336e-09,0.30079881026308747
210517319667.19385,8.564135072560212e-06,5.255663265333997e-09,0.2952032327793839
208029356853.44995,8.700067165390218e-06,5.303438628416415e-09,0.2968243689236504
211862167820.00897,8.608034623547013e-06,5.31725262230438e-09,0.30181356912249907
204977279862.76813,8.888197332299312e-06,5.1957928432916215e-09,0.2873873662561737
200701919831.61374,8.852017307171276e-06,5.124902241823063e-09,0.28322663373428913
198953797495.81705,9.403667057158475e-06,5.063961041584357e-09,0.2819989455019978
198889093416.46158,8.809477495071784e-06,5.2899437737446355e-09,0.2917643827546311
196846928383.35803,8.98040254858936e-06,5.32657167093979e-09,0.29057443755762963
195977790435.96158,8.748072651011887e-06,5.299085050963384e-09,0.2905906242057639
204158907365.15268,8.640782797116816e-06,5.1620029518802025e-09,0.2928169353991479
210713195284.37024,8.901590716806338e-06,5.139268324975642e-09,0.26941610514627545
215093733238.1577,8.755635889667489e-06,5.324007007036475e-09,0.28065169155358993
213002473866.70047,8.744613114545583e-06,5.402399212453511e-09,0.2715329091565916
213122242937.79794,8.681232888133878e-06,5.444780009414075e-09,0.2679724098424391
214054289265.10083,9.021978084493079e-06,5.373705396253955e-09,0.2667861926542742
212495817786.81146,8.871550702377482e-06,5.412286192512324e-09,0.2668817195206202
211326893913.15704,8.732928373821502e-06,5.281206754135596e-09,0.27034364971041147
219580270712.16064,8.91143384144113e-06,5.175108440174002e-09,0.2773099533587109
218871626768.97443,8.965599705701336e-06,5.180841782404837e-09,0.2831404781622883
215837279162.39865,8.744913995585432e-06,5.220645545680418e-09,0.28276799845051215
213030241626.12195,8.632084784143064e-06,5.243084322369125e-09,0.27285852096520935
212078972344.58087,8.812273112567998e-06,5.185956884229955e-09,0.27917330170363197
203161437206.4206,9.264508870341831e-06,5.146170957507522e-09,0.27329204878964325
205454899054.08304,9.173975555346133e-06,4.915953547964614e-09,0.28310184801861155
206094776747.7593,9.249941069334902e-06,4.87876532056356e-09,0.28382036569025143
196542507506.71967,9.019205744060863e-06,5.046827851336784e-09,0.2834064214355589
191024119256.12314,8.932770381104384e-06,4.936191358437759e-09,0.2982135346865242
194898240875.05673,8.667151587600804e-06,5.0737415817122774e-09,0.3069292500596226
193012882641.6571,8.891231676860425e-06,5.078603307928626e-09,0.2974926666520997
202827359778.31668,8.91373336489785e-06,4.9110781249670375e-09,0.29503173210052236
200256847210.51868,8.66965507614111e-06,5.060382666691e-09,0.30782630419335766
198795569296.66107,8.793933342274143e-06,5.150656148277794e-09,0.28893728183504697
196519594268.24084,8.731250827558393e-06,5.118670411812883e-09,0.2980724112125435
200331791701.07364,8.788001616919427e-06,5.18592541970082e-09,0.2993800008492476
202371846675.1241,8.561370961273774e-06,5.159771731220944e-09,0.2992004725561107
197849669334.4373,8.891258860203909e-06,5.1677609267366e-09,0.28851128117314595
205372580537.67828,8.91533567172217e-06,5.243011116243988e-09,0.29805441379553804
205210291229.42456,8.984982736112428e-06,5.23258488514337e-09,0.29754457690233127
205660289503.752,8.825939772405282e-06,5.394214001834401e-09,0.28967589640626673
208737370596.89468,8.788083502814553e-06,5.4410001871348084e-09,0.28393136587635454
199258645904.3912,8.607176560223831e-06,5.310741620085439e-09,0.28082577370992345
195812569024.6774,8.720067906129241e-06,5.392470668726102e-09,0.2791410883796478
197968178109.06714,9.06173161842771e-06,5.259353598007602e-09,0.28256258725755773
208896987817.9198,8.881883469938593e-06,5.207052989689066e-09,0.2826794406457964
214010890306.50732,8.960375765632362e-06,5.198132928392777e-09,0.27006518739454916
215171757932.77148,9.41428449745386e-06,5.220093967857036e-09,0.2560061599182953
214436109472.96457,9.234522226329802e-06,5.159106443668858e-09,0.24542934649543632
210532050220.6676,9.494848015933744e-06,5.0498709178769454e-09,0.2511608401411209
209945009862.15836,9.262335261319998e-06,5.149451521469025e-09,0.25684495256839474
208420730158.31604,9.204375831309608e-06,5.0030274280884156e-09,0.25390718972222004
212343701896.26904,9.295037971763044e-06,4.939596036214835e-09,0.2568320689461668
213023247804.17322,9.443544970323205e-06,4.869832333623753e-09,0.2592724624571201
208512772715.38132,9.869059202890056e-06,4.71076330693565e-09,0.2545725536892496
206269191588.58795,9.89148197461485e-06,4.73184710542538e-09,0.2549223422279871
212997550842.08987,9.493092464353054e-06,4.821290346735581e-09,0.2483215157416389
209293194288.13574,9.639756913968845e-06,4.975220997283429e-09,0.255574848837717
207840963615.40466,9.17285732432152e-06,5.197574805662115e-09,0.258410789290515
206527992265.94034,9.313512719849898e-06,5.157067207060082e-09,0.25776186461341494
205695904596.87207,9.150769406672518e-06,5.2556472868408e-09,0.26239310284841116
201591378264.38403,9.158788516775546e-06,5.341199042341168e-09,0.2670883840443525
199306960129.2078,9.151703555148684e-06,5.377930607952034e-09,0.2607969915583677
207913706335.53986,8.897135292712827e-06,5.428614069256268e-09,0.267368540953166
208237544350.2899,8.819846615616438e-06,5.397576930695082e-09,0.2618800483679876
210923080737.52737,8.827457168362286e-06,5.42944713330466e-09,0.276649745057415
207278092531.80994,8.887319212509519e-06,5.239923049849999e-09,0.2678646641711525
202606492340.74597,9.428298149860678e-06,5.3298841026895925e-09,0.26099755086614285
201654114019.6216,9.230412064548278e-06,5.257603365494911e-09,0.24891164492847326
212367057371.3941,9.078369554344964e-06,5.207701034062674e-09,0.24886137207896672
216519731384.9639,9.21571615247978e-06,5.291006782901818e-09,0.2316509241360203
221414718786.29385,9.171567449733865e-06,5.344209098688516e-09,0.23716966881146376
216976670881.90015,9.015317521648027e-06,5.463768039816437e-09,0.2405456675801988
215336039448.5962,8.975255861866304e-06,5.2365126831209025e-09,0.2709804220072296
214394200279.67572,9.229475630654373e-06,5.1407303035255525e-09,0.2531737397605402
214011152813.53036,9.391437790433146e-06,5.02508536840547e-09,0.2678483985493498
210193871056.8164,9.515326524821058e-06,4.982805934148929e-09,0.273293035077071
217645089559.23718,9.065883599022672e-06,4.923280610221594e-09,0.2824798761395402
211962515709.71158,8.783921188186196e-06,5.1998325762490024e-09,0.29426888576300675
213819494251.51013,8.92884073349757e-06,5.093282332828331e-09,0.2963345758081291
207855369749.83286,8.859537357943755e-06,5.085448456125575e-09,0.292113735506202
209312289442.49753,8.933093323939048e-06,5.166635629065915e-09,0.286926620037273
208544246650.87997,9.018917199135676e-06,5.0796125651249615e-09,0.2895019274254926
199876397291.8386,9.078188409083552e-06,5.08574277998225e-09,0.2977445183745965
200159822220.38943,8.99951186723297e-06,4.985063644702291e-09,0.3048672572607047
202634343101.70273,8.997019730453462e-06,4.958970864451816e-09,0.29588938602667403
200056849513.64124,9.031751636076735e-06,4.94104355303205e-09,0.2962035763004157
208663673748.69006,9.021425680957396e-06,4.793504651665772e-09,0.2967995706840082
203020143389.38248,9.181284115072227e-06,4.576676427822165e-09,0.28791683242135635
203972602772.08444,9.136774573603842e-06,4.455944298815554e-09,0.30409873548939553
204837476519.70462,9.445908120869017e-06,4.416499385725882e-09,0.31127699570871975
198293879280.31427,9.332578905709904e-06,4.619739370172554e-09,0.29333360198192515
207023927146.35684,9.254453451804012e-06,4.626549806650599e-09,0.28998475991519773
201200968127.16486,9.158943175127359e-06,4.75703563972239e-09,0.28914110108801216
209295627964.2342,9.532124187634725e-06,4.634442830410256e-09,0.2961785992227757
201649118126.1391,9.442786212721981e-06,4.4951159948169744e-09,0.305725064575229
203678063027.3217,9.508917286127207e-06,4.321998175521201e-09,0.3067569326011417
203297877991.9291,9.262001847242822e-06,4.275956751409188e-09,0.3141994872790381
197274075341.00623,9.529971384053548e-06,4.056932101141345e-09,0.32727470480843984
197274075341.00623,9.529971384053548e-06,4.056932101141345e-09,0.32727470480843984
194686468192.2124,9.364843701135484e-06,4.182478648160342e-09,0.3294390122013392
192985951034.6121,9.356111608319662e-06,4.252129731747768e-09,0.3263967100841097
187746020677.19727,9.406502768216285e-06,4.4059161337542535e-09,0.31735437930745963
190510306391.69336,9.39213356437918e-06,4.424822219935948e-09,0.32441525634437596
190302411514.71,9.127585990657429e-06,4.6153191855093254e-09,0.3219054381370848
186573716833.67035,9.070518270790318e-06,4.502350909642756e-09,0.32055826549694283
189721660556.35355,9.22404382360301e-06,4.612637011118967e-09,0.32391888848545636
194981694173.82803,9.233350239079644e-06,4.517299896060406e-09,0.3169169333782132
189784428050.96332,9.573560763196458e-06,4.338007212092205e-09,0.31281038838801856
197374233097.3783,9.601032789174603e-06,4.17193635226755e-09,0.3093241892633159
205110095182.83286,9.449673603537097e-06,4.1330222280679076e-09,0.30663656930733074
201208952755.40802,9.64551882393895e-06,4.116022159844678e-09,0.3011296885421402
204539177141.81284,9.369885399153635e-06,4.2794327440503765e-09,0.31262195436221607
201022078607.1417,9.264151483680266e-06,4.2755106858422844e-09,0.30874364494332307
204112396226.21286,9.310718887543616e-06,4.535742986508938e-09,0.3171360481940456
206900181786.89838,9.307066860091401e-06,4.6175759240107545e-09,0.31866911780705626
211863197763.4901,9.542942741320535e-06,4.355697480833745e-09,0.3160983711715069
212495436411.04425,9.487784397682408e-06,4.166383877423503e-09,0.3057646775019132
201140130362.43958,1.0006573877438899e-05,3.975120513421155e-09,0.3003080379943812
201069226407.2869,1.007223162046706e-05,3.8232202824785135e-09,0.2987515207775648
198393840038.65714,1.0118139027645926e-05,3.8653881180416726e-09,0.3040101209872549
197669206121.6565,1.0233899368457663e-05,3.859512696724188e-09,0.30067668066554176
203599012915.68304,1.0155145340858438e-05,3.647297318986577e-09,0.29761714026912695
201500125618.53125,1.0284038301839795e-05,3.788113295685444e-09,0.29651471288049713
201567827744.73416,1.0312662099867326e-05,3.764804045617451e-09,0.29606269311879874
203008779085.97043,1.0329455473735085e-05,3.6904877781302734e-09,0.28552500705838507
206312055559.63382,1.0467533732160639e-05,3.765487673025616e-09,0.27300702511071806
207291722614.59222,1.0422505214871233e-05,3.875326876014895e-09,0.2653258899352896
201897036557.08182,1.054474994348092e-05,3.8462106991467685e-09,0.26856328995085454
209409551422.9882,1.053057211739206e-05,3.771065984686977e-09,0.26919489491365134
202335789568.3344,1.0288340137415067e-05,3.93110348310366e-09,0.2777551785866351
204759545306.72366,1.0188838864976624e-05,3.933637423795377e-09,0.2813345942919722
200998489606.59818,1.0200208992527386e-05,3.90237810093544e-09,0.29420537503615807
207296599204.5337,1.0262963162018718e-05,3.856067388203686e-09,0.29280702400948244
204808419897.11362,1.0170793943184633e-05,4.088238931719829e-09,0.28349326774545813
203672024152.25677,1.0241835234252626e-05,4.1003848448602386e-09,0.284050999350517
199761686922.00272,1.0103785409308228e-05,4.058439246903592e-09,0.2936172949992874
195765549328.12692,9.671943414396692e-06,4.462905159888699e-09,0.29789373861957447
200527566110.46603,9.414449557945595e-06,4.509054023807302e-09,0.2927222801974298
200726943413.6658,9.573581051417543e-06,4.5885152156516145e-09,0.2873307674076737
203029027042.85962,9.576795684090984e-06,4.55559568636114e-09,0.28024969260142746
209959044774.95413,9.50750963801267e-06,4.439181420152293e-09,0.2877084579096644
208596806417.94275,9.490772334234565e-06,4.6215638525929175e-09,0.28634261489592516
210248156754.4474,9.287376282549667e-06,4.650465447904679e-09,0.28215268542529637
214437758841.41608,9.596545739523616e-06,4.5639059293044235e-09,0.28362907877249416
212597667844.4282,9.676181388905419e-06,4.405921891233389e-09,0.29211221382774005
211241813047.9533,9.78508462570283e-06,4.483958966637146e-09,0.29537882201555365
217019455069.13803,9.475999579011038e-06,4.417382780884002e-09,0.30132428985533044
214058529363.09833,9.313228188316679e-06,4.389611012185133e-09,0.30071342266187734
214231391257.17346,9.358528456255202e-06,4.453445890980911e-09,0.30122285256910664
206845248601.76785,9.487681616829503e-06,4.32211527285162e-09,0.3031112174267437
209195593558.99863,9.276484900798035e-06,4.429878229830707e-09,0.2937336582388856
205906728331.53424,9.285146081805879e-06,4.4054724557747344e-09,0.30732753662155593
201191003880.40363,9.490809525087257e-06,4.3701932692848276e-09,0.31645802316645943
204251833045.1147,9.335619556860842e-06,4.478114074230609e-09,0.31484589452440376
198596359436.53406,9.553408485906035e-06,4.572966840103169e-09,0.30960526001696986
202960984194.83942,9.30596918570305e-06,4.613240948084314e-09,0.30438441954174517
198066924115.36993,9.49424970666866e-06,4.6304886213815875e-09,0.29239885082138817
194876401462.803,9.322812952139222e-06,4.747466539744631e-09,0.2848171380834048
196338881100.49197,9.18043779719823e-06,4.82423509834158e-09,0.2859364969662555
199669610059.21005,9.268700930190163e-06,4.793963795147654e-09,0.2757880030913521
203796788647.03903,9.084942280482396e-06,4.871331858074489e-09,0.2773346092904273
204511814767.17947,9.110317002966087e-06,4.928673218096175e-09,0.2885105266769086
206603258246.0051,9.12149903353964e-06,5.013350457955055e-09,0.2871819316378359
210554062821.50363,9.227460594129433e-06,4.9237921151422995e-09,0.2876324846860673
212965793883.2233,9.216641954303793e-06,4.970889148678396e-09,0.2822043767826982
203699711017.4574,9.33932593587371e-06,4.8242768882777585e-09,0.27255455356015795
209767891431.49612,9.17985838885065e-06,4.897780706684248e-09,0.28086246425408407
205052392898.81134,9.303063096700425e-06,5.029368430610515e-09,0.2811378904143526
208961277971.42935,9.246556209089304e-06,4.814110556190681e-09,0.27928661085080136
206714262439.0243,9.231473482836396e-06,5.093647788079542e-09,0.283682965128535
206248932342.28064,9.076926244198867e-06,5.067037037354606e-09,0.2860018933966673
211839917194.69266,9.108363821707526e-06,5.005173341591896e-09,0.29773828725291296
205335665203.62564,9.092029948076974e-06,5.008361394786361e-09,0.28811762998039286
208838371658.5715,9.112626776099587e-06,4.6951474092630306e-09,0.2958704910100609
212090557814.49353,9.177895024907424e-06,4.776971311286743e-09,0.29753947759269794
213290820830.082,9.194072587225742e-06,4.850793493682064e-09,0.2968720519061209
204948758784.07913,9.329904335464654e-06,4.854980114962431e-09,0.29918890753881466
196635709591.19794,9.461659482520485e-06,4.773074159982702e-09,0.28892521451086256
200868940511.3443,9.367339408824065e-06,4.7688654809750996e-09,0.2926875744492456
204193647135.25757,9.478447567250849e-06,4.819474386088602e-09,0.2928667097222626
210806817407.26257,8.789307517308183e-06,4.78892732563709e-09,0.2996585848220814
211634774118.55063,9.107440260784453e-06,4.74929490207345e-09,0.30212792961721974
223214707689.49963,9.223449027789385e-06,4.698711451423877e-09,0.2893102079064348
220233012266.48148,9.363558400686806e-06,4.655793623511285e-09,0.2807227929706005
220321639051.81277,9.393044288533586e-06,4.579528433095387e-09,0.28265245793125027
214924262560.95575,9.647589576481202e-06,4.612959976140068e-09,0.2757731576704805
206369825687.78806,9.344294682106991e-06,4.898813320708908e-09,0.2900426356669483
211234627913.02585,8.922409297511462e-06,4.966666296748783e-09,0.29432071916876323
203760888720.4872,8.79709039946664e-06,4.782833216914449e-09,0.29666482925959586
200688997768.01794,9.105726312430912e-06,4.767978974260345e-09,0.2937855695074074
201902347736.70367,9.145933605350555e-06,4.980941715571391e-09,0.29360638123769744
205245302768.11414,9.242182136094529e-06,4.888764632026948e-09,0.2919787478740467
205647515855.44998,9.306393158595138e-06,4.7765445999085824e-09,0.2916000136312817
203320014007.4213,9.229139213593821e-06,4.888323060916694e-09,0.2846897177394849
204482820691.48236,9.168917996676536e-06,4.817992299687136e-09,0.2873192875116372
202984774529.55435,9.232400916291082e-06,4.732517599888788e-09,0.29651973711865176
193766583585.02594,9.065261154008074e-06,4.901999103408755e-09,0.293780504021214
197926548520.9604,9.15596961876979e-06,5.059142924548097e-09,0.2872410764208445
203760878386.22635,9.181324341862032e-06,4.9516200540998015e-09,0.2835874824355291
202364555956.13187,9.366436285476513e-06,4.876718649774422e-09,0.2871901690895086
203478504222.28955,9.343840903972577e-06,4.799353768174596e-09,0.29078541206940156
204754864033.6339,9.380433863533027e-06,4.926611750305078e-09,0.27491507652947933
201869805386.29666,9.475509507671408e-06,4.8984035281489346e-09,0.28647937300225085
205940384247.0274,9.080088050626245e-06,4.936635171484016e-09,0.2985953726928289
198087065956.7519,8.835096933306001e-06,4.858650232648968e-09,0.3106847010923462
196403044260.83762,8.7229993493578e-06,4.8944134809319534e-09,0.3157736652237043
198617069069.68265,9.126035104667527e-06,4.857751459531876e-09,0.3064506665945109
195803399560.79727,9.069784595040852e-06,4.958757367035891e-09,0.29785784143757793
196774597523.83456,9.17344205610437e-06,4.804596840530306e-09,0.2996531578641772
195167586004.32648,9.279797393081157e-06,4.69808938408107e-09,0.2991423182107959
194446437548.23257,9.11486816979495e-06,4.770108997286393e-09,0.30944248907604976
202818817758.9119,9.192142211465847e-06,4.81031154438962e-09,0.2972394117016784
199260962763.51486,9.472959262621678e-06,4.801097384231631e-09,0.29202490657076013
195767917504.7418,9.134289663826116e-06,4.617555121069433e-09,0.3010611841270081
197706105841.5946,9.41843387631739e-06,4.622592660526631e-09,0.2934400348829566
193297044559.26242,9.226757445521922e-06,4.648445596851809e-09,0.309811267781825
193434669556.87827,9.275854802825064e-06,4.688117378263188e-09,0.3088906223260848
190804884631.1876,8.924248079674107e-06,4.7709889441493606e-09,0.30211675807874083
200030567454.86765,8.983629617197974e-06,5.036447719446423e-09,0.30751110044152247
206612402414.7353,8.69793297636864e-06,5.205950801884837e-09,0.30759249670682703
195092488062.44904,8.955744856916428e-06,5.047313299470465e-09,0.31533616607951914
193992031398.7687,9.273596780318826e-06,4.716663624140806e-09,0.30577999413495033
195046017140.12042,8.988185310790494e-06,4.733158549586435e-09,0.31090458592033254
198388947783.81732,8.865880362231715e-06,4.884168635089335e-09,0.31887106413379845
190584236014.91812,8.965011013305378e-06,4.747514770867501e-09,0.3133888602235358
199057293777.35336,8.962865792753588e-06,4.565359097484667e-09,0.31149924821771013
199942321651.1228,9.255749095368743e-06,4.501460529482113e-09,0.30960608458017524
200090084541.09464,9.627229337074313e-06,4.6430322512022385e-09,0.29958239963508965
191359431726.89172,9.198969824259065e-06,4.701186273831708e-09,0.3154189318778983
194287338949.7537,9.111867733684626e-06,4.80267935823252e-09,0.31841630292190953
201517166783.46054,8.849729370678942e-06,4.759710994781112e-09,0.3228443798089466
197511596546.0363,8.82113657475182e-06,4.836527152827477e-09,0.33245572215699487
195167887383.3915,9.127193642678687e-06,4.68284973954635e-09,0.33817258532974637
197420120977.0465,8.842137269849815e-06,4.54029142134968e-09,0.3453274593306242
196183487163.16306,8.696191057851973e-06,4.8375600857350805e-09,0.33200345055309505
204680309406.03784,8.819776307101893e-06,4.8510087782837315e-09,0.3246042151158336
202375487479.69922,9.034031029568628e-06,4.6874930557020265e-09,0.3079646654659619
204729340190.39322,8.688669764387521e-06,4.8606577924330715e-09,0.3038062852883011
204381058318.85757,9.228119500695435e-06,4.888490225104454e-09,0.29520922964276936
206464770170.2498,9.322387314190487e-06,4.8363831520975364e-09,0.288420384438566
200046761005.50763,9.116180820905436e-06,4.799681019888481e-09,0.2857479282141464
198961854482.84818,9.461466631884532e-06,4.936588419899614e-09,0.283329984367911
198004510869.26907,9.558577774765078e-06,4.949956177783238e-09,0.27963633870075116
206304073572.46222,9.705350570663415e-06,4.7197858465152575e-09,0.276413609331876
198114914003.58295,9.095700059187454e-06,4.843183644362023e-09,0.28759964741816496
202649330195.22128,8.796259576460226e-06,4.970235588519836e-09,0.3036179786043733
204430419587.12677,8.995840273592222e-06,4.930471707524131e-09,0.3019480148512904
206898426631.9801,9.205778517972979e-06,5.009264882385521e-09,0.29568660863396373
209295920098.0203,9.410337038956172e-06,5.0094563557605655e-09,0.29278849824857256
205236856493.3106,8.98751975652117e-06,5.12533591416105e-09,0.27907189883385575
200409016141.41806,9.135147126994962e-06,5.228010581089034e-09,0.2799516365214382
197078044347.53946,9.047963259155401e-06,5.1704744902000844e-09,0.279697520285667
204545177725.69678,9.020801851386118e-06,5.11506165013719e-09,0.2828734379065197
207425892884.00543,9.043801528612862e-06,5.172725839863632e-09,0.2811378035485139
210085757904.07294,9.049008868063638e-06,5.0811104119678135e-09,0.2822562770194952
208188361276.91165,9.31272869666529e-06,4.920334944623841e-09,0.2784459406516072
201742135688.49496,9.3545541647661e-06,4.994228970445895e-09,0.27096354225652924
199127096165.5287,9.289946729759653e-06,4.985583163020339e-09,0.27514537072770395
210921246297.4147,8.91700292153811e-06,5.084275261306364e-09,0.28005704445024254
210924922712.65454,9.158229031323486e-06,4.95200965770015e-09,0.27824589613805856
214697951429.74014,8.973903185939275e-06,4.766637052941673e-09,0.2897495976436208
216135920128.56976,9.214360178919337e-06,4.852140568271971e-09,0.2939409544245708
211818127876.71823,9.213254130999757e-06,4.6936690173718335e-09,0.2992580697723873
208329989375.64548,9.178126654369138e-06,4.830151175973323e-09,0.30079885602229134
196691877686.35992,9.058370446523533e-06,4.953266809931442e-09,0.30862677900996915
198165194139.97855,8.71732753032736e-06,4.9587101027004884e-09,0.30186816401528554
203090575377.25662,8.79700579871769e-06,4.95312426035158e-09,0.302853698559643
199351334413.5003,8.831726153812911e-06,5.11687591673624e-09,0.2905050847330431
204116816101.84222,9.038323566364912e-06,4.96857393418884e-09,0.30919305442941053
201370395161.27847,8.913368974777302e-06,4.874858361419351e-09,0.2978120849930916
207300374639.47913,8.777461853188897e-06,4.770951863557439e-09,0.310126481655724
202564743652.9688,9.234505121023718e-06,4.539347104235206e-09,0.30927357191065974
201006624182.4465,9.150471906772808e-06,4.800835627200285e-09,0.3064333154156564
203685168607.60443,9.157240752398702e-06,4.873050503468142e-09,0.3043917167780533
196909605057.0738,8.983835826826022e-06,4.869484599334007e-09,0.3024956108767181
198865223962.17023,9.191996339198252e-06,4.87444496779399e-09,0.30419020055695745
198495974563.1296,9.155693060732236e-06,4.9384806240965565e-09,0.30521247451698075
194054974156.2703,9.424262333044071e-06,4.794512907005698e-09,0.29869061752962317
191486279219.08884,9.169699241248761e-06,4.6341808152571645e-09,0.29814574495216123
189926159020.77203,9.373286937270908e-06,4.754502424201777e-09,0.30836347890094623
184448972873.7258,9.276597457884697e-06,4.665103220799649e-09,0.31201930293781094
194215954951.59714,9.081674108055106e-06,4.529979135817636e-09,0.3291737803108925
199361599776.9658,9.137123497706513e-06,4.44305582660171e-09,0.3187225357892527
204429227844.37643,9.356587107810288e-06,4.376179279812909e-09,0.3244139232049289
206066648920.60504,9.097459053003876e-06,4.460767536353825e-09,0.33141876147067934
206125344677.2476,9.239084156891629e-06,4.3299703762463716e-09,0.3382887073873317
199144445862.95776,9.455189791830106e-06,4.224976245263383e-09,0.3355262073027842
209404989618.0216,9.367482048046083e-06,4.2028813309967595e-09,0.3367629239276564
207401472992.39133,9.281836322431502e-06,4.1581660182640676e-09,0.3417393737073972
201298119998.8355,9.075744509264765e-06,4.0552391692980045e-09,0.3524477761328336
201001502397.37717,9.223318984693925e-06,4.014331337252327e-09,0.3493258964079268
199541716343.70477,9.111019834294454e-06,4.177610750465469e-09,0.35483950669004816
193557509130.0399,9.55105329959581e-06,4.3163052871851865e-09,0.34770153291855066
190674105738.45175,9.194899937080108e-06,4.246752773985668e-09,0.34969647818608196
198560981570.37854,9.198728630865969e-06,4.279282978612821e-09,0.3485338461295202
204164634672.2405,8.998144951998329e-06,4.50732161793782e-09,0.33895363555716357
194172171023.9322,8.577571722787513e-06,4.716337438443494e-09,0.3400176019842603
194915545906.3743,8.847059535819344e-06,4.49083848209837e-09,0.3320201301539248
198926299756.8664,9.228473866659562e-06,4.5651785129889794e-09,0.32898485847125514
197888583616.5142,9.237052102732593e-06,4.560645608473367e-09,0.32498295681792505
203426484183.98962,9.40219416204243e-06,4.652124085526362e-09,0.31483660018301896
203092152142.90125,9.164960158158761e-06,4.6684106652943505e-09,0.29724307394006655
198012497248.80994,9.061759867685731e-06,4.783855448866671e-09,0.29621822237787304
201621280160.8986,9.147537455548013e-06,4.85698009024256e-09,0.30221955626076025
207883488962.48633,9.310444007422023e-06,4.636373127403156e-09,0.3099739411695795
205664021466.3132,9.127933604945745e-06,4.514797033209381e-09,0.29988198796922844
203131335170.348,9.103227654026998e-06,4.479421124470129e-09,0.3037809453154425
201842525701.67233,9.378098823970775e-06,4.5296847423612016e-09,0.30884089004600074
199474875378.70325,9.262131405301042e-06,4.625814403756251e-09,0.3111691290250995
201216615376.10443,9.146836530737347e-06,4.6153134885713585e-09,0.303416880420921
189896460127.32004,9.555561917350707e-06,4.298213130153999e-09,0.32195926147901266
191847756852.76038,9.409442612788135e-06,4.4520785501183325e-09,0.3090711207037613
197615915914.24268,9.473988704757082e-06,4.611178792348619e-09,0.3159487042787016
204016710239.4497,9.097984842935782e-06,4.607427252322455e-09,0.31805967546231834
206622677686.7677,9.231000704378779e-06,4.662455976009456e-09,0.3108421766763585
210565937974.13388,9.199665114224116e-06,4.476520102957649e-09,0.31526849991840256
194922153400.66626,8.761228867810787e-06,4.970287908256942e-09,0.3195263983186852
195490946362.10977,9.005885859748765e-06,5.0090385105188855e-09,0.31964801160810735
192703704309.22086,9.00148545011131e-06,4.827047753246108e-09,0.3168326058768881
190658415357.4214,9.150725129082058e-06,4.962054930784504e-09,0.31652640081848316
187256806051.34332,8.809068032546856e-06,5.017075061955993e-09,0.31847232845667267
189533256631.78085,8.56562288615231e-06,5.212923437695962e-09,0.316469327958129
193156838287.31094,8.597268908006103e-06,5.193956800482558e-09,0.3163356401494808
195019530328.08575,8.669515528900533e-06,5.170255720525098e-09,0.3076834409613447
201452971667.21042,8.813683125102802e-06,5.179941270212756e-09,0.30566842287305124
203326111027.27274,8.821864642660278e-06,5.234163037911441e-09,0.29779670352904325
201007394173.82745,8.766338705216687e-06,5.106102798290179e-09,0.30393051134413607
209008355184.34863,8.616072291007507e-06,5.116208707278118e-09,0.30830396407222643
203631734163.6097,8.689976677658998e-06,5.132846202750911e-09,0.3127268394583823
201330246659.61002,8.705393563426275e-06,5.070023093126353e-09,0.3180788250564098
206753163401.74042,8.883640891238218e-06,4.883121319182098e-09,0.3111301363280426
208564735817.8288,8.978800894299955e-06,4.683165900251554e-09,0.31607154805554777
209465038399.94247,9.106260210106563e-06,4.75350202025167e-09,0.31121144082010255
209206947403.60013,9.100318773545284e-06,4.660401365886129e-09,0.3045020249208289
209695450105.04556,8.982984271507199e-06,4.9022009329660725e-09,0.30272993570970197
212891019236.58734,9.102188772338107e-06,4.827169288436498e-09,0.301758247020888
208064276161.2475,9.132526016278984e-06,5.010069590992803e-09,0.30373385515722146
207659931372.30524,8.767419360821052e-06,4.807006074193245e-09,0.3057172824508692
212911785682.86957,8.970438265728278e-06,4.852470036838128e-09,0.30902535406193476
210338832895.87234,9.132528163193113e-06,4.659865323445176e-09,0.30598231372190604
206177756296.4885,8.935347528663286e-06,4.801628139366986e-09,0.3019231824614999
200821102391.30386,8.965933249765737e-06,4.886386248942183e-09,0.3017600234013162
202847012329.0497,8.851554822833424e-06,4.851194969788315e-09,0.30755266986601343
202327618591.0199,9.13198430893992e-06,4.89951543608634e-09,0.3063517764415909
198547744505.9347,9.167706770230791e-06,4.701768733847847e-09,0.3074602042450179
195618035849.79373,9.24437275670344e-06,4.529235276594402e-09,0.31590619230516404
204617083843.0891,9.527380219016555e-06,4.4393701928282405e-09,0.31953879537547614
203496506055.82443,9.312017932845689e-06,4.3668433421417304e-09,0.328440333895156
199443357582.38812,9.018482179982559e-06,4.507859727370923e-09,0.3273186056759213
203313878226.8545,8.909026335814694e-06,4.481257122693624e-09,0.33768827156644726
196526027156.70422,8.891134811955295e-06,4.483049350191706e-09,0.33546812036157775
192601388653.64664,9.14884386681235e-06,4.415848925499432e-09,0.32547772434404415
197724053239.53143,9.300656733055662e-06,4.365294554158429e-09,0.3331835710596436
202827096962.96234,9.432752108214235e-06,4.3122364356568496e-09,0.32504154290521214
207220802759.69565,9.40588634801719e-06,4.28216033002198e-09,0.3299877671698528
213871811113.16058,9.221625316962367e-06,4.516247004655696e-09,0.31636581551814724
207104375717.5026,9.202052903694738e-06,4.424454928445904e-09,0.31592663155828127
205428121365.5814,9.208541091871622e-06,4.477723053953124e-09,0.3256134961264027
207121414766.94473,9.139562120022848e-06,4.668993959227931e-09,0.3292822668684997
203679678163.99203,8.694913926264513e-06,4.802688098505378e-09,0.33460079098408035
201438883879.11353,8.645361627074082e-06,4.746235986473533e-09,0.33729397877216877
196851356871.77783,8.821849651456606e-06,4.7998272698004725e-09,0.3212807493546606
195512452476.18658,8.784334931065788e-06,4.615510261222127e-09,0.3422339672131298
201284211783.6464,8.873614184514214e-06,4.514110068524263e-09,0.34892358686966585
196352578403.64795,8.627168940667291e-06,4.7907768157749444e-09,0.34830388689573805
190720343995.07162,8.59823572073776e-06,4.803904151586012e-09,0.34505122363628743
192520200538.46008,8.720403347933074e-06,4.77887512973005e-09,0.34622896084176
195527194207.6068,8.638546417437506e-06,4.938756061952624e-09,0.33890798694023694
200432404552.27493,8.665523465852087e-06,4.9791044374314386e-09,0.3347136867131327
201205276856.05002,8.373351838477006e-06,4.8449692808375255e-09,0.3345024972189172
197193405317.72867,8.810357245062322e-06,4.953149937292665e-09,0.340190231252904
199067314057.9017,8.609107380642979e-06,4.930836823303607e-09,0.3410993320244766
196588196823.35483,8.775293279375916e-06,4.789096845781917e-09,0.34430053164265234
194508525707.12573,8.592732379072615e-06,4.753554639779641e-09,0.33694898132563333
197518677978.00052,8.69713618773677e-06,4.679115153015094e-09,0.3296944761210315
201804703240.04526,8.841958700823815e-06,4.875218349657204e-09,0.32184293978891676
203413219610.9273,8.867890918491047e-06,4.886005967491129e-09,0.3158584151200922
204774575281.64102,8.915081998657877e-06,4.806512514484402e-09,0.32163352181304916
202842123090.45435,8.659214744113235e-06,4.8221727699820355e-09,0.3196971440462093
204451059326.07843,8.754175020575442e-06,4.791833172577125e-09,0.32340874369965017
199481756209.81845,9.071674003387255e-06,4.700988274828088e-09,0.3272091071627248
198869938896.10492,8.889649198235242e-06,4.812840155409849e-09,0.3237029404020638
197478161297.7232,8.904173734293519e-06,4.9436506644405285e-09,0.3258636885795678
189707495083.98843,8.562239600629698e-06,5.280944556584613e-09,0.31898679239944494
192251565371.8303,8.584068134250521e-06,4.961530003875068e-09,0.3203537488002321
190067930437.62997,8.72232932728253e-06,5.031272338384922e-09,0.3244268380216863
192040232473.1924,8.823457169676893e-06,4.872301113988936e-09,0.3284493573160682
197651139874.57407,9.006660926369055e-06,4.918544940705506e-09,0.3172836892313685
190054772435.68433,8.93208237892228e-06,4.796623364089056e-09,0.3151838427431655
191521983484.60727,9.094581304995559e-06,4.7741476602813126e-09,0.31936297803703034
189532492403.89813,9.375590503474349e-06,4.72745151396983e-09,0.3044227572458322
197626808599.0509,9.060399064828432e-06,4.859741121034696e-09,0.2981680283537225
197248442008.1844,8.95135348624033e-06,4.8329654974759336e-09,0.28809739166771814
195730829074.69937,8.929888844093385e-06,4.8404935095812496e-09,0.29448018527750613
198409773165.79388,9.055203033112372e-06,4.911156277857602e-09,0.2951907555068625
204781244535.38962,9.373693430966393e-06,4.805823688083238e-09,0.28316554872711336
204242945343.46326,9.06741511129342e-06,4.814548158141138e-09,0.2891619324413357
197194031856.88538,9.177906065344754e-06,5.093812709658825e-09,0.27463146931136295
203263393694.0293,9.026200407517048e-06,5.2372449002204605e-09,0.28501293580188997
206156637956.13123,8.995085903594779e-06,5.104039302595859e-09,0.2883566082883644
205028865706.29852,9.080525870315998e-06,5.042852619832097e-09,0.2920081153898992
201090498938.077,8.87782929528888e-06,5.125934201445355e-09,0.2887283220240034
212394940726.2379,8.82382593935767e-06,5.155218971410848e-09,0.29638903767228875
216469741738.06763,8.890998540855202e-06,5.215568840347236e-09,0.30915989701423213
217749113483.79645,8.388551071020737e-06,5.247720513960117e-09,0.31417958874123075
206188466266.2854,8.296770081250163e-06,5.230521512360749e-09,0.3205562101616098
202850972077.38846,8.49615362201495e-06,5.168980422491729e-09,0.3110849232320595
202156650561.6602,8.66875758763037e-06,4.986844950638062e-09,0.3249092518504464
197225302189.28516,8.530571813398102e-06,5.058825116302235e-09,0.33567505900412653
193875177115.73618,8.559188319382024e-06,4.950098269792082e-09,0.31568351564809655
193690594217.22995,8.890967912635081e-06,4.971404561040107e-09,0.3275216749041047
205050508154.33365,8.566199433510478e-06,4.989032013250731e-09,0.3340381568051652
206018944629.6606,8.766455420364554e-06,4.975430880950055e-09,0.3342033053580778
204150133894.22116,8.88387128637839e-06,4.900999351702435e-09,0.3238196512910558
206589670115.49734,8.986777578862601e-06,4.884878712415866e-09,0.3161799969909267
209248155065.92325,8.797657755376359e-06,4.889662113066097e-09,0.3143668661132031
202228318683.83112,8.903947077289007e-06,5.078359539051693e-09,0.30866694212096046
203865366549.3311,8.970739509274931e-06,4.986793826206449e-09,0.3078264471665674
201900144615.09772,8.777941809964791e-06,4.894508585108069e-09,0.31579666890173497
196457691483.83118,8.573014420670857e-06,4.9379329804332794e-09,0.33245632213251525
196865347335.8249,8.59197786803072e-06,4.9353811564976765e-09,0.34064278045317503
200385918994.7126,8.587707009815638e-06,4.7722599426474155e-09,0.3426339115541781
208260002518.3811,8.52041239541225e-06,4.93952961771245e-09,0.3202178998113663
217271797298.19366,8.66098390645394e-06,4.967259339348272e-09,0.31510465776765706
226851589610.81525,8.67491767357212e-06,5.038927148952118e-09,0.3131166500915013
226624607477.52798,8.57301476213967e-06,5.0736376376702095e-09,0.31290111302012297
224667536891.54214,8.55384229952569e-06,4.939804801932196e-09,0.30834831594856443
222368962041.8135,8.643784371874098e-06,5.04910975726806e-09,0.31661943784568247
216836474384.83966,8.888602665285913e-06,4.818592030287732e-09,0.30480224647232435
221530138912.73206,8.929871952360579e-06,5.031799099022118e-09,0.2957531273892101
214505435949.0968,8.945860375938834e-06,4.954918854795659e-09,0.30132381538996844
213999817452.3542,8.79835730495425e-06,4.990896941211159e-09,0.304350487511983
212224024553.61734,8.808991717218054e-06,5.009494134790745e-09,0.3025533580667033
205816025851.8808,8.733672040341327e-06,5.143054634605668e-09,0.30684054011550327
208987690605.9643,8.79500340337148e-06,5.232679373992841e-09,0.3060537130637789
205901598222.33066,8.789869918377117e-06,5.0956239009232666e-09,0.30465014468030893
207751064038.1997,8.751790230648045e-06,4.951977230409097e-09,0.31004572397161123
214827183047.13742,9.00491748338093e-06,5.02187275458994e-09,0.3154899601649359
214827183047.13742,9.00491748338093e-06,5.02187275458994e-09,0.3154899601649359
218825526879.4334,8.982899246425256e-06,4.880646385986112e-09,0.31498679072995484
216529972255.84253,9.400106984873327e-06,4.724755369464473e-09,0.3044456635351855
209375733157.99084,9.314033724358901e-06,4.59060799327215e-09,0.2956171802000806
214871975823.24872,9.488343439331407e-06,4.708220458872462e-09,0.29356297636461237
215557776221.12637,9.382093695684586e-06,4.658719419815979e-09,0.29241848100108314
211982005763.3963,9.622656573755385e-06,4.525686418165666e-09,0.2914136924264299
214709204770.93112,9.50260388957054e-06,4.646768061118354e-09,0.28555572756489483
216608529391.31055,9.42813393845272e-06,4.7055513955758495e-09,0.2862258710391258
207427581182.80237,9.54693934165188e-06,4.699723509395988e-09,0.28795530316973084
209706487986.4077,9.351284606592722e-06,4.7539174821540945e-09,0.2835737904305785
208051612724.93054,9.294190449866307e-06,4.7833523997795576e-09,0.28654380070172253
207485235512.02945,9.19043225547199e-06,4.8322158596851385e-09,0.29461443403367216
199399001925.36935,9.332362707252709e-06,4.982048161828145e-09,0.30339981645760505
195451980464.88412,8.994063860721304e-06,5.0217219549288145e-09,0.30429387918565376
190767685104.22568,9.068085298397245e-06,5.0796085744040325e-09,0.2912353863701836
195759545391.1839,9.059027281771491e-06,5.013511933121043e-09,0.28563085018233725
200624020355.1853,8.952918959452535e-06,5.0532722613236565e-09,0.284933187307945
202975702855.28348,8.974666227092409e-06,4.895837305640174e-09,0.2948725918013572
203640991534.13367,8.90874222784843e-06,5.015186568980704e-09,0.2915970170584188
201530127865.05,9.0184785084797e-06,5.009704993362529e-09,0.30203412797545404
200861715005.04495,9.06301530611689e-06,4.929238939126503e-09,0.3065902157818858
201996307446.44052,8.907969816099775e-06,4.734030494237925e-09,0.31131132974491404
209003480457.9116,9.064101280028833e-06,4.5853393223364805e-09,0.317656648205913
205015001911.22928,9.06491116716262e-06,4.630086917012421e-09,0.3147766259714486
204292056965.58337,9.066842754368613e-06,4.778482452623261e-09,0.327921614320193
203822548208.66998,8.97830560192339e-06,4.758891550029394e-09,0.3247934123842089
209466967320.45193,8.966218530381484e-06,4.873032110977255e-09,0.3182314897617084
209267738479.88013,9.286568167096882e-06,4.555329953953142e-09,0.30815759676003684
199996962652.5273,9.017278597942644e-06,4.5698913530878775e-09,0.31127330899011824
203752552099.32672,9.129674219509797e-06,4.7565348351658365e-09,0.3193210823163888
193211154563.31662,8.873722300630695e-06,4.896158770726866e-09,0.33054433254234095
200616911745.41687,8.648902866732015e-06,5.004913142647083e-09,0.32395159378498706
199502795497.91977,8.646579229420795e-06,5.037252547820057e-09,0.32868998962016327
208296858249.77838,8.38499865817326e-06,5.181446957249463e-09,0.33195449637926244
218830275873.6631,8.801191266909347e-06,4.884090204000959e-09,0.3092320319754682
216028834985.78305,8.996726740592616e-06,4.900404340090476e-09,0.30877494511513487
223255059467.17548,8.883791956152726e-06,4.8907019563085995e-09,0.3155199778003192
219508740455.12604,8.665077786954308e-06,4.9305733608596664e-09,0.3080119877485327
214134804519.9804,8.89013381395699e-06,4.945766574135822e-09,0.3039241765396939
214722655399.38586,8.99880733002525e-06,4.9022367233715994e-09,0.3144709418271146
213221062183.79056,8.865793700969312e-06,4.887981559608617e-09,0.31707081390660136
210521498445.76968,8.611888088351733e-06,5.093128775104122e-09,0.323603224629809
205102358266.71173,8.48214471889422e-06,5.137394525919028e-09,0.3141077714699285
208317082703.48788,8.764505983007056e-06,4.91474400031951e-09,0.3110949902214476
204169997752.5486,8.52914610043873e-06,5.084470114816987e-09,0.30589213234586415
206128518849.0319,8.611473108441955e-06,4.9320073662329e-09,0.30768159386343996
208825090034.4906,9.147307056921778e-06,5.04934475245581e-09,0.30264062256998386
215830938076.1022,8.972024355881164e-06,5.019825236951491e-09,0.2996103530320492
214416589516.8586,8.760497359683976e-06,5.125728756575524e-09,0.31049029017846586
210729447686.37067,8.688323682805938e-06,4.998630283413258e-09,0.31539155588691664
219831133191.37714,8.715350562043204e-06,5.1332110638538325e-09,0.3178348728492197
211083816893.3938,8.78316536909554e-06,5.157967614027711e-09,0.3057081964942095
204841837271.99435,8.527145699921673e-06,4.9019271100690576e-09,0.30875817054921556
202701768894.6471,8.815630981851449e-06,4.780692625303547e-09,0.30323287009180405
194635305718.61902,9.358323907211836e-06,4.739430200088031e-09,0.31044877603176807
204372589718.81015,9.377132459347564e-06,4.6222743681791276e-09,0.30377948828855944
206311576619.91348,9.500959431996245e-06,4.440741834124122e-09,0.2951282431827875
207345926373.95438,9.006396517900115e-06,4.361406034642732e-09,0.3080562081811327
205125532342.7425,9.079346724882337e-06,4.187394623526686e-09,0.30893869449874983
205095827364.76544,9.166430395353605e-06,4.068734704247854e-09,0.3164477312205859
205117362693.9895,9.284698062176546e-06,4.211584299409505e-09,0.31233440636155485
206075626555.23352,9.599566568270827e-06,4.1806529496180714e-09,0.3100556152405315
207893233682.052,9.79917929414494e-06,4.070449245156066e-09,0.3002244569170806
206109246231.65475,9.972909465133769e-06,3.9818741940449896e-09,0.3043556015147163
201976572366.68127,9.990251080269917e-06,3.804132449134693e-09,0.3050961010605994
196419325378.57468,1.0169439519958648e-05,3.877215655232627e-09,0.3093090992614696
196028902954.18613,1.0113237605963125e-05,3.9641477521782006e-09,0.310331171585331
199189746145.916,1.0218472544082365e-05,3.783431832610197e-09,0.3041969757234726
200866809379.9643,1.0255927653513427e-05,3.767729977007707e-09,0.2724015329002745
191253026629.5393,1.0023620819733675e-05,3.887248367100337e-09,0.27588958799525753
189144658777.18756,1.0072551855291356e-05,3.778560157106346e-09,0.28424228448751115
192223044935.3873,1.0299939535815557e-05,3.8067201745344755e-09,0.2910459703640539
196794227716.69534,1.0512770593744204e-05,3.780186349344076e-09,0.282669118119267
206274425177.9692,1.0516008066316513e-05,3.6747334893401103e-09,0.2792204233836298
206392932239.03076,9.959273657416552e-06,3.866549245879539e-09,0.27946512984809735
213288442170.48193,1.0234249344415767e-05,3.9949030723137364e-09,0.2825382968073133
215767770049.29614,1.0265548205177377e-05,4.100891320099703e-09,0.2779363733382149
213549959066.26495,1.0254127571539126e-05,4.0580405742412975e-09,0.2744944963440169
215093267501.47787,1.0097428675206555e-05,4.176483976469861e-09,0.28405212069425667
207209350513.6632,1.0508877376129467e-05,4.066149554952316e-09,0.28247319737087917
208155056702.8151,9.930137147694009e-06,4.0814583281825646e-09,0.2910140407915829
212841023817.57483,1.0039496179029899e-05,4.1416432158750216e-09,0.28823953543300246
213564882311.39102,9.902399854917812e-06,4.106820567975061e-09,0.28665010912311056
207080054126.63904,9.774153902307746e-06,4.159470607038766e-09,0.30482701814767815
206312239324.55792,9.714549231991297e-06,4.296505092693142e-09,0.3055116946877899
203461757441.88992,9.792994224184606e-06,4.01990042809756e-09,0.316524802386052
198717632278.06754,9.888997699522854e-06,3.989212255994789e-09,0.3185960132356657
207044006470.78162,9.72860195854035e-06,4.0437496973544375e-09,0.3109417163289348
200533661218.63232,9.865906591288176e-06,3.8073847531264276e-09,0.3166991612897156
202741129962.26443,9.927518556580976e-06,3.932010878847128e-09,0.3159392947683176
197370503384.99234,9.750167184282772e-06,3.887859717490453e-09,0.3150886784339033
196867036471.1708,1.008299066049255e-05,3.906048175477541e-09,0.319996792515859
203529793984.84198,9.365087083559923e-06,4.175087096835989e-09,0.32408735328104427
207991164556.52777,9.097770260655642e-06,4.2982123590886425e-09,0.3216287941849632
200881645084.4446,9.116121917455532e-06,4.1887451483179375e-09,0.32530888370546773
191575304280.18677,9.452751522385425e-06,4.22639029641752e-09,0.3234853180365136
196487983953.73163,9.594073463342151e-06,4.47865857552158e-09,0.31552942204185563
205181303119.1845,9.535939432084001e-06,4.373998762849651e-09,0.3015853895364023
212066160433.1482,9.467587499233135e-06,4.481783359637574e-09,0.29594127129120557
209996452502.01285,9.697150625434108e-06,4.278522420307437e-09,0.2967742188530357
208133636503.62872,9.809886298447806e-06,4.310947886685049e-09,0.2998772754636704
206939516464.94482,9.686265571832368e-06,4.151099348909488e-09,0.31765319751910315
206683558766.9595,9.614587236357641e-06,4.098678766758484e-09,0.32082529678933674
203671026260.95435,9.51618680763813e-06,4.139263933014899e-09,0.3232867378609523
198690253710.44736,9.518013157484565e-06,4.144554499511403e-09,0.31237323819342105
199480768338.54578,9.70945250775652e-06,4.065493062920486e-09,0.30874191795148515
194389140275.76102,9.664578757680553e-06,4.187129663216379e-09,0.29977711345171293
197325003100.71646,9.901680492108652e-06,4.184661127931789e-09,0.29321916324492564
202083354894.47415,9.733792440735296e-06,4.199786999437175e-09,0.2899209591436682
200148880554.65656,9.8750981510744e-06,4.22633134217062e-09,0.2947334641997039
198083374748.3379,9.630837928277319e-06,4.350394791672775e-09,0.2878828398904659
197286126938.14124,9.761287611891213e-06,4.357676164005418e-09,0.2853703987254169
196947996121.05786,9.8886659908726e-06,4.019720167843914e-09,0.28471307875546625
192567690140.12643,1.0157443316388652e-05,3.816671405243717e-09,0.284188949296149
200252914327.1485,9.851949210371412e-06,3.790542115303144e-09,0.27927563896212987
192941004032.52844,1.0408590920921454e-05,3.6987508598932275e-09,0.2871643178761606
192353075648.3966,1.0416394411849045e-05,3.6554726850189824e-09,0.28631737914356953
192521006505.2747,1.0321220959061747e-05,3.738127459546048e-09,0.29006355900285247
190912615533.76575,1.0259450949999725e-05,3.775501799379832e-09,0.2885132487985267
189791001801.77972,1.0153098204062428e-05,3.748727610933084e-09,0.29822295533844545
195878859853.73608,1.0479613153557957e-05,3.787991078828435e-09,0.30406296618568335
199044532015.11105,1.0256764620474224e-05,3.864865466497595e-09,0.3029288542253582
195179994965.35904,9.936119145883233e-06,4.037318133542525e-09,0.2983462053076497
194858778374.6426,9.86442504407939e-06,3.991429969353914e-09,0.2992436006803098
197156607012.77676,9.894568116649792e-06,3.991073734933843e-09,0.3024503109573849
200224536898.5056,9.96483965921494e-06,3.814041506639768e-09,0.30703601709842593
201500523451.0768,1.0060723777234627e-05,3.930006567746695e-09,0.2970137453072195
197951767280.92044,1.0225688983812026e-05,3.844785754861392e-09,0.30147531134627215
198472976930.3388,1.0266407760921914e-05,3.935948267002492e-09,0.29207447656589475
204554047148.51657,1.0307382095822902e-05,3.7263466619687545e-09,0.2783976295879276
200686415381.43503,1.0377073941033317e-05,3.890512465213188e-09,0.28951593604461007
196034013007.83353,1.0272077810491046e-05,4.02843409050174e-09,0.27479765871277584
194855261805.7516,9.843166778255665e-06,4.0312254752150746e-09,0.2791945072234295
194052331869.7446,1.0175745106460996e-05,4.137609191452437e-09,0.2801738397509545
192892617260.56848,9.917049600557795e-06,4.305294874580882e-09,0.26705278340327143
198544956706.0641,9.963744490169743e-06,4.3221825789458935e-09,0.26929591026696725
194009396923.63354,1.0028342801796128e-05,4.375864203562773e-09,0.2769496425623698
195138136834.58676,9.97681983862715e-06,4.43782641817973e-09,0.28756495100774987
202594613907.95572,9.6714694627841e-06,4.276089394056291e-09,0.2927907083857829
199195928619.6236,9.697295372322254e-06,4.1151235807014955e-09,0.3028481129189074
201604028105.40518,9.604811342119731e-06,4.13489648544387e-09,0.29791155019491283
202686428866.6913,9.83383257305226e-06,4.2351788758776815e-09,0.3074896212043787
208413616197.5067,9.471860962280527e-06,4.359995762975336e-09,0.30048470699826213
207925086432.82565,9.552401579635772e-06,4.4432443457959106e-09,0.2977414652608072
219009799227.97464,9.67383911595717e-06,4.536285181065701e-09,0.2874090028745688
212810999196.5729,9.657017430643635e-06,4.504057241428374e-09,0.27959091932111635
215237806143.8541,9.44743751442383e-06,4.687768482648519e-09,0.2894164056524519
216275148778.20892,9.323877461850668e-06,4.617843934383228e-09,0.2888092252460042
216639777012.37808,9.456289561676139e-06,4.42846485462949e-09,0.3044033774729255
216639777012.37808,9.456289561676139e-06,4.42846485462949e-09,0.3044033774729255
213816859346.75256,9.333756923116008e-06,4.74227450025683e-09,0.3019285203472773
218689184187.1725,9.407244976207991e-06,4.600276818093446e-09,0.3047944412162485
221381395663.9435,9.348464837250776e-06,4.568129793096602e-09,0.2946527020820085
221212302833.20404,9.420730149722826e-06,4.790854578105811e-09,0.2838364420923138
225534947254.97537,9.35216201162974e-06,4.871135823004771e-09,0.2899493877012191
224571898471.74652,9.147643897070093e-06,5.023998741683316e-09,0.28548492768078615
219606373928.23517,9.012740848017974e-06,5.014659496781264e-09,0.272872220319452
210733244157.79834,9.296976922678812e-06,4.8479229686262306e-09,0.26489535905262707
206061594298.76477,9.437526743728665e-06,4.843912022341421e-09,0.27282182639393876
210656398911.6368,9.461053941841036e-06,4.769994517057548e-09,0.28089109056644895
214432703296.89557,9.35415645668861e-06,4.8943000007394e-09,0.27669732093030214
206960563529.47946,9.701369075646729e-06,4.752177756181035e-09,0.2787340405616738
211363141657.56058,9.382557113037383e-06,4.632775151246841e-09,0.2925557204611932
210870722432.47125,9.598790468530574e-06,4.626266132962076e-09,0.2867083565004057
206486925982.98544,9.44726926808511e-06,4.6437523660315094e-09,0.28354067781242065
204206409835.89066,8.918743025921979e-06,4.951482130192989e-09,0.2973146647061647
199578686795.65662,8.770733578312989e-06,5.0387446444898846e-09,0.2879855033864486
201821200190.1509,9.130092880814246e-06,5.0848149069729856e-09,0.2861312680932523
201545857278.89902,9.227829492957762e-06,5.091050014924416e-09,0.2795201854845507
199510993250.38953,8.832566173974273e-06,4.9598203485460324e-09,0.2868321585051428
197405860986.5577,9.000349631475668e-06,4.965432656938744e-09,0.29019742847180835
193363038517.37045,8.839124773211633e-06,5.077863210936247e-09,0.2951153399703797
205546770314.92816,8.619253755276091e-06,5.1902407843590026e-09,0.3000562136141754
204842214987.4707,8.631532173295226e-06,5.508258489421627e-09,0.29539171871051867
205491562685.86462,8.550271801269159e-06,5.507865428490328e-09,0.29632930747584096
204753968630.52917,8.47494516027141e-06,5.407155830293622e-09,0.28730283387256433
208068809857.20206,8.820947434982048e-06,5.282652319845701e-09,0.2874350292397144
212955285683.93707,8.773613861934826e-06,5.297221841937713e-09,0.2986298272498536
205062470510.54266,8.415111651676416e-06,5.456186905100822e-09,0.3013250337501396
201228130937.93137,8.870156549508288e-06,5.255826755097868e-09,0.29541129268643285
203667044472.6016,8.872755773117528e-06,5.107043994855858e-09,0.2959425205688352
200441137657.09988,9.365786494629443e-06,4.716712797606552e-09,0.2967444167917085
198465051812.5893,9.241752489165034e-06,4.5057408420621425e-09,0.29938196589352023
210678713008.87756,9.491037819773039e-06,4.3805379739962395e-09,0.3007345358134933
211007226901.23315,9.510740018299698e-06,4.375506470889556e-09,0.2955149879968367
208507957216.3583,9.144982807231439e-06,4.4253255819034954e-09,0.31365113739897765
208692888039.37103,8.990949620600217e-06,4.430659241663428e-09,0.30872172766239125
204114796931.0948,8.668106809197324e-06,4.678508346703928e-09,0.32490320459208566
201832480178.51596,8.834810318217977e-06,4.7804958371522304e-09,0.328987017689881
197132834263.8782,8.941918786768343e-06,4.738174125777788e-09,0.32526213595827974
196414247440.00604,9.140584018870056e-06,4.6396204199057105e-09,0.32061138231655406
197350221106.12537,9.081116770148004e-06,4.445719621682817e-09,0.31030935288593164
192654615796.45074,9.526455642623622e-06,4.27292150672032e-09,0.3173956960145687
198154608641.7634,9.436323581379948e-06,4.383942303778978e-09,0.3132766401082988
203819478543.24677,9.770003698583555e-06,4.206518042014251e-09,0.307454265618109
208759916339.58356,9.605511434022975e-06,4.368417774600032e-09,0.2971422813074605
209647703343.2199,9.555285447806431e-06,4.363210586160194e-09,0.2932433064700641
212376594055.99332,9.760084414132522e-06,4.572602789180846e-09,0.28973934329502066
213135833078.92545,9.905343546359096e-06,4.3610500932665335e-09,0.28091890608548314
209343263567.03995,9.738639565085478e-06,4.2354297635888404e-09,0.2933278288887262
206806129506.6455,9.634340313237559e-06,4.491836088232858e-09,0.2882844341718891
206803203047.995,9.590401748931416e-06,4.457135019974393e-09,0.27939234030417204
199819636679.004,9.742039494469733e-06,4.39821653969612e-09,0.2746872765184375
196842814962.02814,9.49918209279486e-06,4.4135277319213935e-09,0.27966033029097387
202900100946.24066,9.804649432213952e-06,4.3385982690196006e-09,0.2812291936146695
204216195682.70807,9.628382751982996e-06,4.303158106740702e-09,0.29681044144127045
207038276324.89368,9.323300311866741e-06,4.309372074334056e-09,0.3090224005496539
212524237728.32877,9.259803747635895e-06,4.347244448012454e-09,0.3157906218560182
210335051932.47217,9.384622046659876e-06,4.422327311346765e-09,0.3123646846821531
205196973490.05743,9.329291093739862e-06,4.515922465845449e-09,0.30547465927982687
209860603757.15384,9.305748356731052e-06,4.547406612418291e-09,0.29946554710742046
212061812302.36,9.256014648529486e-06,4.545530622452052e-09,0.30355242844326225
210487365182.12234,9.340401964188553e-06,4.6952831626355215e-09,0.2996357579186207
210517075330.74164,9.61404593084149e-06,4.700298970669148e-09,0.3031807500410865
208809221351.7682,9.62771655808591e-06,4.7432072678628385e-09,0.2975257094956509
207437087836.33972,9.49912921493501e-06,4.724691530127145e-09,0.2897303613410132
207147878879.01767,9.551330446722586e-06,4.602273266710545e-09,0.2809505129705815
201750563794.01102,9.619859578510129e-06,4.726757647362368e-09,0.28416437269630074
201313633340.5333,9.106154442969194e-06,4.789923189447227e-09,0.2817847507758133
204933840819.6818,8.986840873527089e-06,5.146240519560096e-09,0.2744502663580721
203695715251.70386,8.896888477353886e-06,5.4166680655782824e-09,0.2762778419516825
208652256449.51965,8.896501637512317e-06,5.355135323465392e-09,0.2746247474758218
203037167966.5996,8.798079569678479e-06,5.290096483119632e-09,0.2806176344986508
206344601248.6299,8.984213662261841e-06,5.012865716802268e-09,0.28454509506459635
210208967617.53632,8.861319434882312e-06,5.0348199433805895e-09,0.28925623961872565
201134829790.88104,9.067811396418151e-06,5.0948161638564255e-09,0.28745828750320124
201993006789.29782,8.927972634037409e-06,4.948017966475239e-09,0.29784922799585345
203386294479.5738,8.785448796171623e-06,5.021400120792613e-09,0.29929718312613385
206609465562.43805,9.048363066086544e-06,4.963762489995987e-09,0.29942204025438207
203418896147.78345,9.290504191376896e-06,4.852278130777216e-09,0.2851779625184776
204791786219.26273,9.438679875054296e-06,4.978438596114013e-09,0.2702744275132237
204791786219.26273,9.438679875054296e-06,4.978438596114013e-09,0.2702744275132237
213664524672.11627,9.031769622602951e-06,5.015138801320797e-09,0.27020926116766947
202284554250.29355,9.233144918360091e-06,5.165416387666374e-09,0.2728287360901717
206646511870.10922,9.110450087650626e-06,5.090142668143047e-09,0.2673119555884074
206096662345.8023,9.037295838179502e-06,5.027540126456044e-09,0.28318446119835733
206487613474.28473,8.837106305250496e-06,5.224310201250316e-09,0.2728244711792244
198294295985.5215,9.143230092716805e-06,5.189039044825232e-09,0.27349688489309887
201636796057.6654,9.23516588097491e-06,5.1273335103522644e-09,0.2735511599712219
204400639571.58902,9.227153595192066e-06,5.064639185992473e-09,0.26861967506565976
199804247142.62845,9.16492019901941e-06,5.1728180928577604e-09,0.26882036803757126
204545349901.76785,9.245960102201327e-06,4.975729680065776e-09,0.26384190586487277
215103294033.01587,8.983888450003925e-06,5.209073199327159e-09,0.2792698777732727
214148940004.7652,8.828907574107482e-06,5.313518174535378e-09,0.273641688206144
208851626743.22073,9.212647798330871e-06,5.12381509740723e-09,0.27546807633619097
213119341937.8431,9.191137275398975e-06,5.306628652226616e-09,0.2594404573049957
212223435136.5275,8.804953504415829e-06,5.3160397797801156e-09,0.26096067383842536
218348466668.14786,8.94443670893772e-06,5.322904866377804e-09,0.2704806993641507
214549799649.17633,9.056403572754404e-06,5.351131998951948e-09,0.2552695641196507
212868109838.96997,9.148881102898861e-06,5.350768185830657e-09,0.2545332207281556
212782840105.38242,9.245354752962968e-06,5.347532904370855e-09,0.2546951759024658
219887747282.7367,9.087351277083073e-06,5.2574504253445625e-09,0.26341168808841603
214594985215.68478,9.023467330855076e-06,5.248488871247679e-09,0.2623720340947638
210164746082.8693,9.057268802044815e-06,5.293329330974809e-09,0.27383458868328925
211031876886.64117,9.224386554276025e-06,5.045058175803289e-09,0.2846775952336143
211952138784.6906,9.09749307908922e-06,5.090167993901489e-09,0.2807930907426004
209677395217.40445,9.194168971351704e-06,4.98048662885344e-09,0.2946573123424808
217138684392.5293,8.975258388901314e-06,4.871323268197218e-09,0.2979743838575914
215541961251.61026,8.977914525303814e-06,4.748202685480485e-09,0.29899207591624605
209984167311.23224,9.177130850058379e-06,4.84015882841569e-09,0.29798662431886414
212148623321.04172,9.050593697311826e-06,4.752302772820665e-09,0.3055997608740439
208617884155.37164,8.887982013264024e-06,4.845658677404936e-09,0.30454202116601564
206688266480.55936,9.195159054059231e-06,4.836063334160514e-09,0.3032615743816141
205087546242.2163,9.300001923757005e-06,4.687505807768292e-09,0.29695043709540936
202707053134.3873,8.946213023139871e-06,4.7533705643091545e-09,0.2981097147370763
202987782830.64468,9.077921806184772e-06,4.570238254289526e-09,0.2968256604580279
205563892151.6996,8.929080225311802e-06,4.585571194499564e-09,0.3038344826580042
206427613174.94833,9.160570904925428e-06,4.547254680979436e-09,0.30472224136947557
215302506887.81888,9.265294267271927e-06,4.481890653466775e-09,0.31924656853526506
212257937459.23315,9.213863546554405e-06,4.5653686743315515e-09,0.312829760862441
217181890948.1532,9.29158098994494e-06,4.6318142957931894e-09,0.31463228653781183
224446450150.86072,9.049906635139137e-06,4.495450427408826e-09,0.32187063516910336
212818386787.5313,8.958813565391286e-06,4.5243316000733655e-09,0.3356333025649334
213722193128.60803,8.937382891840253e-06,4.539703463020666e-09,0.3262043057995979
206289114605.51147,8.992825920012125e-06,4.612811173665712e-09,0.32479620380686114
193462911600.73215,9.167968346170051e-06,4.6836121036554025e-09,0.3201596189267843
193651776183.66293,9.092805779666644e-06,4.705504028974556e-09,0.3151717420782068
202460443227.35965,9.08710677571489e-06,4.731590415579558e-09,0.32932316233486864
197518537412.45724,8.826006776651695e-06,4.689856328330385e-09,0.3422452640945441
201556618341.90976,8.723441365451902e-06,4.787005480435989e-09,0.3362561153739506
195449747945.93448,9.27536018892378e-06,4.52321994457609e-09,0.3307925173546409
199155850761.9276,9.170832446391884e-06,4.651804636338999e-09,0.3260975459885107
210253666887.09024,8.828258874590974e-06,4.884110252496933e-09,0.3148879549470826
204735557496.00687,8.635038608697546e-06,5.033228498651016e-09,0.32123578262151375
199836398010.01166,8.73271853299229e-06,5.2461818990559325e-09,0.33085009005423216
201958162605.91333,8.803486614469587e-06,5.047091643383148e-09,0.3385660973479991
208507877937.1817,8.718781717292894e-06,4.884861104957448e-09,0.32926060767073734
211986338986.84564,8.836366600905315e-06,4.753397276726469e-09,0.32925401542133037
213600391797.9217,8.75846748646098e-06,4.7776079106152615e-09,0.33385034304924716
214356374429.15762,8.684740205165696e-06,4.767974238962502e-09,0.3317519820665331
215919931032.44324,9.014128166158078e-06,4.853931785770179e-09,0.31356094958346215
214971724854.4965,9.203508934389836e-06,4.744370843613627e-09,0.3084347347970652
207225239758.68582,8.928717013523013e-06,4.77210669121637e-09,0.3155733695961897
210509901453.81644,8.880222045010484e-06,4.783887519622293e-09,0.31793434045150676
211578206297.06363,8.849963002260557e-06,4.787952633019989e-09,0.31548259256884775
214093062554.03653,8.843458332328289e-06,4.8318109221894425e-09,0.317716939857216
214974212682.0358,8.880215216946759e-06,4.669332922893642e-09,0.31460006255092743
210606119292.2696,8.901980411452372e-06,4.8582861940447295e-09,0.308477084905786
219798443585.49863,9.012757128313716e-06,4.623310351545742e-09,0.31516193575921553
217909965780.7328,8.913197774551067e-06,4.6347254472704446e-09,0.30984956628998794
219178808862.23788,8.99904896565887e-06,4.445468800630367e-09,0.3098277159425315
221568419960.30426,9.151610490120615e-06,4.671508095742711e-09,0.3131711019360341
223810684467.2593,9.087957888216e-06,4.786817592323126e-09,0.3078260955509491
221645591771.23035,9.201641954989457e-06,4.785855028061461e-09,0.30071799894124757
213965135622.69757,9.080286599606951e-06,4.761251821353281e-09,0.3097757047091372
211445917412.90695,9.183585336133916e-06,4.7960815885325106e-09,0.31348977451198345
211607926624.33548,9.11972698271322e-06,4.747812155237226e-09,0.31373833104135995
207994320886.93576,9.122751808248306e-06,4.631743850909137e-09,0.30903804619649533
206970876241.20966,9.348989355828422e-06,4.773371051757271e-09,0.2997441371932445
207106898613.42953,9.318805843276178e-06,4.802867074820991e-09,0.28371215836663255
201774041612.7372,9.21238721201036e-06,4.930004272192912e-09,0.2862921883046671
203731440237.00034,9.231466921445991e-06,4.95694522980847e-09,0.2837794728955096
206010185578.95538,9.214836959500087e-06,4.783023002827927e-09,0.29079175205692714
197312617540.79187,9.009085361117781e-06,4.6955037138086935e-09,0.2939100376059133
197987315759.77972,9.376841943973654e-06,4.9064278061329074e-09,0.27908425438322365
192652349574.6923,9.455071244776826e-06,4.801247805390921e-09,0.2772390798359674
201092210113.64862,9.549707495728455e-06,4.7899116106192985e-09,0.27641926957076485
204564932944.1916,9.579358796357606e-06,4.494029528496674e-09,0.29327196119596244
208363956804.66687,9.296924740539772e-06,4.617594231406201e-09,0.2932667694337505
206313906709.94415,9.068915532928185e-06,4.726875850475554e-09,0.28152778260601
213810941971.82635,9.608659444689127e-06,4.847815768156651e-09,0.2678964675077851
216534229060.0358,9.467723524905091e-06,4.70405633371231e-09,0.27276952566414053
218520444599.11765,9.359917573335982e-06,4.676744885884672e-09,0.27218291015112767
218714665234.02078,9.607605375199895e-06,4.814651360219879e-09,0.2705879878621504
210841719414.4892,9.597456799345918e-06,4.818924495184245e-09,0.2645661800497545
207934754235.21622,9.262939591333767e-06,4.845204737443151e-09,0.2755189532412767
206542471624.0648,9.363046311238346e-06,4.747215833700732e-09,0.28048072213680625
