E_intercept,alpha_base,alpha_slope,SS316_k_ref
199842629166.74426,6.706943803011848e-06,4.890838299609736e-09,24.416260127859307
199409532428.7169,6.732200956553115e-06,4.971644157347858e-09,24.74859829300845
194605140689.36435,6.798159502400286e-06,4.825088359172893e-09,25.17301044900902
199050347311.6179,7.123342592151074e-06,4.937693865447966e-09,25.029565621522533
201204091140.66138,6.693661153202669e-06,4.897842404024233e-09,25.19320274824336
198498742353.44543,6.788004470672275e-06,4.944706098113554e-09,24.69096796979254
192754389163.29114,6.780421251149894e-06,4.841432047509665e-09,25.053699408161552
202685191731.41168,7.037849444645131e-06,4.770933029688474e-09,25.00545633266667
199125471056.86215,6.729483288524514e-06,5.034119936865785e-09,24.991687932520346
203121101354.69458,6.696211768750435e-06,4.931871302315928e-09,24.97786720528339
193772137138.49844,6.913540135459676e-06,4.755517278228675e-09,24.529306160997418
200284185294.41345,7.102541094421375e-06,4.855149934243516e-09,25.194986419725893
202386995002.0872,7.23882224156951e-06,4.878192618058979e-09,24.944599187784444
206633145839.04736,7.235390898312201e-06,4.865242547064953e-09,26.029197974924532
209352886354.27048,6.987668846421345e-06,4.930910379089268e-09,25.967286233229746
208818588020.0395,6.554627997742545e-06,4.918203088582694e-09,25.61997578265858
202229089243.8372,6.640125507052929e-06,5.053493543581758e-09,25.1704338397115
198526067341.43414,6.7035341670972515e-06,5.1204612453875105e-09,25.28281812070052
198070680745.0138,6.6947070535720815e-06,5.17707866693287e-09,24.56296786886145
197272028878.8157,6.551239151287975e-06,5.27898776634091e-09,24.53352709911678
191091206519.1038,6.882785580116455e-06,5.143388739864804e-09,24.674230456581903
190053438512.8298,6.737236958897938e-06,4.9533816657789514e-09,24.19928072651714
191906106554.60883,7.004391691696128e-06,4.921178999795576e-09,24.816753388804536
186476152839.9949,6.751022180759633e-06,4.7843081190537876e-09,24.343590294927694
184340943636.48282,6.644750446619202e-06,4.568541328060843e-09,24.509808416972884
185235846573.3466,7.15573150948533e-06,4.463053607757178e-09,24.267975103014592
192555548809.17145,7.2072608403940845e-06,4.375515107426332e-09,22.867437576975163
199389353050.13876,7.246893388287442e-06,4.617119338455516e-09,23.10977085987198
199615034764.40457,7.328813505915366e-06,4.431559301550252e-09,22.89680215280836
194286681606.37787,7.109682339390773e-06,4.6521396113558265e-09,22.97590448692546
191083341338.63864,6.904022665124901e-06,4.523710675745557e-09,23.79330906322152
191963500017.68546,7.167237589564665e-06,4.303001794753554e-09,24.164084248607384
189945013003.5037,7.1615749431460365e-06,4.2209606370514215e-09,23.821252585183363
189911707140.94238,7.607928423643883e-06,4.285909009745471e-09,23.45627569982596
196176004147.37424,7.75084428506693e-06,4.188679054448546e-09,24.636970989575914
204447004906.0963,7.590650842905803e-06,4.287309169995458e-09,25.289032175419727
196705637322.90997,7.236948572947256e-06,4.4181062762254364e-09,25.832141748328663
193534741558.1085,7.265140242838344e-06,4.331810078668711e-09,26.201389304657805
192851477516.34436,6.962397794902883e-06,4.553020271936949e-09,25.43763142280236
194391925798.20157,7.230728911658686e-06,4.5764255205075146e-09,26.573829504365744
179971218548.94656,7.074935819731687e-06,4.592022736750485e-09,27.751448032643676
187928039971.178,6.9026375178285255e-06,4.5540341984679316e-09,27.227804458139452
185061401418.9429,7.0266957983726405e-06,4.800880358061198e-09,26.76468543076118
185489399855.41653,6.9672398413232125e-06,4.674671625475008e-09,26.78168305584673
195262748780.56647,7.055517956376695e-06,4.8254509553869956e-09,27.0823743506036
191452875503.7434,7.1522590163762255e-06,4.8412303304159414e-09,26.53191871552421
184572587157.61243,7.283279293069068e-06,4.895996390319167e-09,26.541167130476218
184676165623.93594,7.489022469123246e-06,4.906136093302739e-09,26.6373065125853
190333294820.88184,7.487666753203683e-06,4.836625162791461e-09,26.981947381228874
195807191263.8948,7.314444438340396e-06,4.763176266602459e-09,27.212251880134755
194147988285.21365,6.971805347577617e-06,4.916460284580826e-09,26.971332841707685
193513640965.3498,6.907775472702041e-06,4.722921457933992e-09,27.211724753885385
185010192011.29913,6.780189905851235e-06,4.691965448590215e-09,26.58236135783748
190541947582.44632,6.566160344321262e-06,4.764066417723549e-09,26.01622553452732
188748925304.40417,6.539727430711523e-06,4.907634446683627e-09,26.212261171423233
188477912450.46692,6.545460239468483e-06,5.090975736272868e-09,26.499476888914486
189060475228.55634,6.667535216798147e-06,5.103306711593734e-09,26.21275966476438
197443264634.9902,6.729347372804266e-06,5.084061413724832e-09,26.148365526138164
195950791244.73273,6.9173615109107395e-06,4.9870596569652895e-09,24.997020525327436
192008495486.20987,7.259831853536354e-06,4.916406261483951e-09,25.125599284670695
189920761963.0259,6.950359484790737e-06,4.6524747766640645e-09,24.665841403626647
195814805342.91043,6.560726362113037e-06,4.693291915513805e-09,25.501843426914732
199109219548.71674,6.901262354193777e-06,4.55011152816737e-09,26.25191049960788
205351296648.0317,7.07826867223303e-06,4.497952014192192e-09,27.43495298365358
200572405092.57144,7.210273813127164e-06,4.074838764818152e-09,26.70899960266515
199251321417.1155,7.262841513765819e-06,4.160087123069045e-09,24.92669012404417
197182479287.72705,7.277626854118975e-06,4.004037180798592e-09,25.489580092514085
199499962755.9314,7.196586412705545e-06,4.025009667460578e-09,25.597286179532226
194802843795.69412,7.288654712055529e-06,4.2409378895388195e-09,24.542608260144235
196974587199.32758,7.125150950135134e-06,4.353653382609557e-09,24.205161202757
196974587199.32758,7.125150950135134e-06,4.353653382609557e-09,24.205161202757
197216797338.58667,7.197612119514911e-06,4.520455191487498e-09,23.81471234400092
194886969365.45868,7.028973803297434e-06,4.5492394229246896e-09,23.65390709476295
188548002752.36478,7.204344117653371e-06,4.423952722121841e-09,22.69607440208651
191479882636.87262,7.14841346911006e-06,4.343184658555408e-09,23.139003828773063
191899720247.81165,7.492168758314387e-06,4.4703556907593385e-09,23.65367089595611
176957455928.4917,7.310633704834387e-06,4.432541845643946e-09,23.53563030433315
177559806612.90002,7.353892310137203e-06,4.373489689755939e-09,23.539442923682362
168383449118.53177,7.244442243305098e-06,4.200846746886322e-09,24.512528359896674
177267758960.5978,7.153588676355371e-06,4.3182571990466705e-09,24.29227401786182
178070397358.64148,7.305342696861361e-06,4.275206920626152e-09,24.03278883399857
178866919625.603,7.507293532933251e-06,4.329571644533703e-09,23.938354885226985
173558475987.37573,7.404719409632493e-06,4.466133080319477e-09,24.03873722504335
173354259649.03714,7.214500680871925e-06,4.331100219809407e-09,25.80086096630827
171845214520.72513,7.227341563511311e-06,4.453959296299209e-09,25.449813292805466
173204864105.37738,7.263740171295505e-06,4.577923408659079e-09,25.52325767454137
168611182111.6762,7.3656229110054515e-06,4.402073729450562e-09,24.92251264974822
160831751507.46652,7.443771382925196e-06,4.589212478346407e-09,23.440541982998575
160731877294.20526,7.450634863310403e-06,4.701001804633316e-09,22.85203725113065
167294819694.66937,6.987263655324096e-06,4.701641069432485e-09,22.868340032171876
169071890857.5733,7.459682355491325e-06,4.626269394521036e-09,23.178481813511937
173725868585.4562,7.22596702890637e-06,4.589229337424237e-09,23.237555718486814
171714629650.17664,7.273392341264053e-06,4.549786846252786e-09,22.444168509827332
172588134007.73062,7.262379500946114e-06,4.529448903814352e-09,22.970995195580727
169319716283.1032,7.3497604288437324e-06,4.72785733127499e-09,22.8254070717683
166461606092.06198,7.1078349956015975e-06,4.893420885623158e-09,22.872275390980867
166373187258.91403,7.063226396824884e-06,4.8532181637350145e-09,22.738443293077964
170380757598.80124,7.156909196271526e-06,5.0601326640466265e-09,22.820847519274025
171975789608.53955,6.9645905458128426e-06,4.870103551863639e-09,22.145792949438025
170436306656.3225,6.714981140247874e-06,4.805556891286092e-09,23.45229712623874
175810788163.15994,6.888355261869901e-06,4.6635909951246685e-09,22.836155983494407
178897047965.83478,6.9245053569479416e-06,4.740283688490919e-09,22.136524866224825
176504416932.2676,6.889684206381169e-06,4.666626252974658e-09,22.55098760774372
180203913971.67862,7.034589435136568e-06,4.638612334001263e-09,23.030255042521855
184534514546.70453,6.882630858684965e-06,4.475819324233947e-09,24.3893739207917
182631264308.5873,7.263772923395429e-06,4.250918090994546e-09,22.96904714681861
183566022029.37643,7.437483287773356e-06,4.268757476744096e-09,23.031445943710153
195662852417.03134,7.462281863473527e-06,4.354880899459584e-09,23.119312619637974
196372384475.38437,7.399566899543671e-06,4.359894772668142e-09,22.960338675355604
184019841826.3263,7.351873398370522e-06,4.58139734801125e-09,23.480725734934293
172576347137.6401,7.215975393208557e-06,4.523972927723316e-09,24.537012048147034
168931945698.22693,7.379951791278347e-06,4.437229024285285e-09,23.53561883133083
166905446314.50403,7.483888055421775e-06,4.140556442172239e-09,24.20554936605888
168531173534.33566,7.6272784999338935e-06,4.018368069756712e-09,24.076898985875385
173841618958.60956,8.195651010878743e-06,3.916228054270212e-09,24.522439472620338
172294121783.61966,7.922525592831815e-06,3.825891356887194e-09,24.728762817097664
174810494008.97162,7.970203868476955e-06,3.926408916751212e-09,24.883928880119335
171099801046.9141,7.889422954585194e-06,3.874204872334337e-09,25.20696901549067
177381761277.8251,7.985433054005542e-06,3.9618805196611486e-09,26.121067364601892
176210771401.80524,7.9668107906432e-06,3.851200363303926e-09,26.21689284114048
176866531389.65497,7.728528529020775e-06,3.839666162339708e-09,26.23688691801432
178571169706.11862,7.529709203936147e-06,4.026064366305012e-09,25.49105079947971
182129155322.4914,7.743312658933385e-06,3.926644378841668e-09,25.90597954928465
179886069183.28516,7.857699910948913e-06,3.94597533443954e-09,25.61366366120987
177252762028.55484,7.522698046619449e-06,3.6835008178488116e-09,25.46473878115021
168607949985.34152,7.893565301258463e-06,3.7918376747411554e-09,24.721622025873817
171809444819.9614,7.721241578410472e-06,3.781735604895556e-09,25.365009139632477
177240701883.301,7.160715025636619e-06,4.0437014303344944e-09,25.215191508817643
177580743988.8624,7.395933240889191e-06,3.928371867117527e-09,24.928739545946137
173596555640.80838,7.826075724183211e-06,3.8964571760073814e-09,24.210521454297602
178703631102.29797,7.5270882398014004e-06,3.918258106954931e-09,24.083802664718203
175207992526.06638,7.636803395686477e-06,4.076240999359245e-09,24.12270823416609
184657700132.81085,7.388961471458327e-06,4.030231576376153e-09,24.252392792487747
171744453336.13095,7.708663357871363e-06,4.228726077691079e-09,24.378834929743523
177980918988.6437,7.556629493585187e-06,4.3538521122588155e-09,25.261116344201696
173354769901.22873,7.53039645671011e-06,4.146958076644019e-09,24.387466890754887
170371187229.31293,7.582097009579603e-06,3.935819537454403e-09,24.591817262862772
171364414069.98032,7.698127209903583e-06,4.119053109892043e-09,24.165310874292427
172862997416.74353,7.53987270291968e-06,4.063129207762987e-09,24.243189407566383
172238999241.29883,7.183827792957634e-06,4.136774759594229e-09,25.010698534724312
172179536886.3556,6.962347079055517e-06,4.348598739216021e-09,24.611797525052104
175296300579.48053,7.168909933907286e-06,4.552569182866394e-09,25.55377344917433
174523433268.11298,7.505329897741251e-06,4.560581554764815e-09,25.81306487399757
177963514945.08176,7.306206405781785e-06,4.6602413040946284e-09,25.669522394830892
175895570431.4599,7.415763828551478e-06,4.5916880283357945e-09,24.509506481714855
179932437462.00555,7.302936514486204e-06,4.62099729860193e-09,24.664645714588108
170465749233.72302,7.070482514556657e-06,4.589605680448242e-09,25.202477671818755
167770872981.23523,6.773663631525933e-06,4.694901736717987e-09,24.83247418062769
165331915858.42477,6.6719648959095584e-06,4.815336212082643e-09,25.44162380745851
168268813883.68118,6.924823288630891e-06,4.777040201284804e-09,25.739354407802
166182162890.61557,7.013595752845085e-06,4.791581210853263e-09,25.215820621932778
171047543137.13684,7.225224854115478e-06,4.8515574425930995e-09,25.950705411096134
167071375133.72144,7.307363600727674e-06,4.858854844471411e-09,25.99395017930515
171297092332.13834,7.070385339084478e-06,4.800121631856791e-09,25.18847119386035
176589537941.6526,6.925051185383193e-06,4.646287588961025e-09,24.68463804608406
169861811984.072,7.53042448383479e-06,4.588543472679288e-09,24.493993425279445
169067402235.8878,7.655236416404488e-06,4.31679744559431e-09,24.137492769281433
176053151947.42386,7.2679877547682385e-06,4.2462338532226565e-09,24.57268939988146
170035788592.87064,7.707255319814926e-06,4.180022607216943e-09,25.14103435004777
174678958420.34784,7.665533922779646e-06,3.993930116609482e-09,24.28600797568753
170780467340.71762,7.95786914862916e-06,4.13767650913936e-09,25.705364071695588
179452376917.01657,8.045832470855745e-06,3.994259710231026e-09,26.678244112432523
182048147720.6239,7.771729565849518e-06,4.038928175301456e-09,26.38295289186885
179918747408.69138,7.420140422140779e-06,3.993543733182604e-09,24.916855073794125
177581868201.5689,7.669765559129244e-06,3.976183260126658e-09,24.18080628595561
193838633999.41476,7.680496493343101e-06,3.6448852650037712e-09,24.5503655539825
195068945714.94464,7.647959348046556e-06,3.6770948599098136e-09,24.54115199462857
183818090654.59955,7.516891490738516e-06,3.869637180405053e-09,25.80473535021016
180983581527.77603,7.630880695082066e-06,3.7939698828279905e-09,25.725343189954764
173002547236.07864,8.044742403223236e-06,3.634126246383423e-09,25.5833388539425
177549633108.10675,7.985519423080677e-06,3.6228723372092142e-09,25.795899129870694
182436901458.83017,7.981693642890022e-06,3.740177459031573e-09,25.844796831632593
185485310407.50186,7.682058903976827e-06,3.779520283854902e-09,25.87698343304286
185454399137.1119,7.920928308717884e-06,3.7866503938164375e-09,25.783429395573545
181952006161.5987,7.961840299751868e-06,3.850729544560787e-09,26.12762336565992
186061775976.88403,8.025018219442421e-06,3.5900176335689675e-09,25.823139294684037
182071685824.1244,7.601799225098081e-06,3.7458402797521196e-09,24.276392728861246
183116548443.1461,8.384194473836458e-06,3.7185187626052347e-09,24.36469857419712
184599901786.69025,8.361932952557538e-06,3.6537715012121715e-09,24.65891963766644
185303223626.1741,8.08822610284344e-06,3.78546067642216e-09,24.24324182652843
191875301650.5109,8.219706970263244e-06,3.733571373556814e-09,25.300775019007194
182551698503.83014,8.162066238005265e-06,3.943731576578498e-09,24.742894605019845
188199849606.97675,8.08029860754433e-06,3.928165398463129e-09,24.670680822711763
190956504728.01273,7.749084715322827e-06,4.150100330466608e-09,24.839019416998497
189390398675.91983,7.4422492666652905e-06,4.096674087274307e-09,25.614009505180736
189423959662.43893,7.737480732635071e-06,4.059344586203767e-09,25.627606979491816
185817463843.22098,7.693436645778337e-06,4.018342716177187e-09,24.711879288065127
185103177889.70105,7.684572305321e-06,3.957111987608812e-09,25.707917031950924
180014415421.29227,7.302669456746869e-06,3.935989111550625e-09,26.05334758861721
170065494632.52356,7.958756094414843e-06,3.8622221201337595e-09,26.07544786425972
167285951737.24033,7.83874735120629e-06,3.9301457691646494e-09,26.909165010735354
158547391434.467,8.160386215913971e-06,3.9185376385091776e-09,26.104816798751738
159867169075.11725,8.384163179053923e-06,3.891398378893171e-09,25.311828804702294
168063304964.40665,7.898088977945943e-06,3.680215738653525e-09,23.730223828112955
168075766098.94528,7.927937683029048e-06,3.83152069689544e-09,23.63879639075993
169763480947.5421,7.590665052193351e-06,3.80605120922307e-09,23.82620372372783
172523531831.58755,7.356912703695372e-06,3.792753729666538e-09,24.08107292100441
169378118159.15115,7.398332845895518e-06,3.648983608511105e-09,24.133586848138638
170578832199.59232,7.518298160615936e-06,3.5836023385669236e-09,23.319117398583124
172763175745.55176,7.792616285549319e-06,3.765765886033039e-09,24.853220398476665
177423923601.73688,7.753184476047731e-06,3.86292525977003e-09,25.357769487953565
172236808378.5333,7.544258812201941e-06,3.6434628605641935e-09,25.853237679768604
174416333995.79193,7.4142576859875905e-06,3.789259451549517e-09,25.753787910384677
173357270589.01144,7.570760909779525e-06,3.777994981102898e-09,25.332155700371032
177628904433.4848,7.80158562868812e-06,3.868537574560218e-09,25.901125616957152
176712149534.36566,7.68720732327244e-06,3.859599090813573e-09,25.38704512553263
184425998781.38013,7.686243318719726e-06,3.850682615502314e-09,26.36043658148277
180371563212.22986,7.83777923079965e-06,4.263520509594174e-09,25.774025789438273
173796095635.87558,7.817131972558392e-06,4.374964463383429e-09,25.23818252019367
181942932888.60294,7.3308017653490705e-06,4.47931734319599e-09,25.99725117576832
182389927701.8598,7.237471884541015e-06,4.6747685192821164e-09,25.90808136232372
186567917239.4184,7.4449186102737645e-06,4.408238197704159e-09,25.349666997124142
186758673407.74698,7.372322321517304e-06,4.524131144801748e-09,25.795507483202208
192796903696.75113,7.604535686050857e-06,4.417241028672813e-09,25.87649653966408
188752497954.43643,7.865972392653907e-06,4.317517409103416e-09,25.85520699723098
184543089656.38937,7.731098257085808e-06,4.607428791041268e-09,26.119577542165597
183171042603.5414,7.484927739084949e-06,4.7362427221484655e-09,26.818918567118036
187014923346.9188,7.645608144996232e-06,4.4458730685277404e-09,26.51013199910484
189604791810.45212,7.6266547211903534e-06,4.37883257055897e-09,26.874177732501224
188774183966.16357,7.451670820925567e-06,4.321087792664621e-09,25.963320826983313
199660620282.3072,7.663255735983142e-06,4.336834709635513e-09,24.7483513795581
185724457664.10434,7.643675016529348e-06,4.6282184135830264e-09,24.39845828272546
185724457664.10434,7.643675016529348e-06,4.6282184135830264e-09,24.39845828272546
183892251904.2008,7.310506050472469e-06,4.406450748262444e-09,25.481182654097193
182718004612.18057,7.399355654651667e-06,4.485458280793412e-09,25.319286984851313
177562247419.45868,7.303028090869106e-06,4.436404005828991e-09,25.85167502068407
174286684700.1539,7.586856487304519e-06,4.661051726123913e-09,25.50050492549627
177516607866.9924,7.188720795370753e-06,4.646654865783576e-09,25.247084243669484
180153982660.4494,7.233607127851972e-06,4.716725960128306e-09,23.512243859990427
179650954588.53918,7.26984640631058e-06,4.446472806410614e-09,23.170280462246964
178679253967.71823,7.087395893106774e-06,4.5383397649999516e-09,22.77184695870665
182515978535.4423,7.317268478563947e-06,4.54351913465303e-09,22.086387779325214
187441654419.2514,7.385898212048166e-06,4.770509033185371e-09,23.1271388047183
169924018256.4273,7.350594121591468e-06,4.731524554678928e-09,22.260913401275623
173131791767.66205,7.419312861525533e-06,4.580857326782385e-09,22.57415903936381
184415532186.11618,7.374090504483677e-06,4.5315744471737725e-09,23.44713542796528
182149859896.99283,6.959723117646403e-06,4.627863864796392e-09,23.498811483256095
181230460995.85388,7.2865741856849995e-06,4.630268995693933e-09,23.095402305464955
178805025910.4439,7.411798427306889e-06,4.684278733775897e-09,23.18520054923484
182472190208.81042,7.300736703127732e-06,4.732564839869395e-09,23.598448073886303
181920233688.18195,6.958465247395605e-06,4.721421450075849e-09,24.37104565178137
182505786734.50928,6.901065140041928e-06,4.7565303382186436e-09,25.02748868348007
185461049310.469,7.06282618837227e-06,4.767914201812519e-09,24.930059793664633
182009391126.60873,7.133260975878031e-06,4.635859545220731e-09,25.680917639859462
182482110368.4039,7.087208942950122e-06,4.356526994361904e-09,25.47911657139247
181082347466.0785,7.389655791166667e-06,4.503008062581651e-09,24.091541710643607
180212674629.61606,7.051044851802751e-06,4.361072830976097e-09,24.033725235876336
187291801586.34415,7.07479499849354e-06,4.445561785914288e-09,24.927964411072484
184057725267.8588,7.359277246141413e-06,4.313230262766627e-09,24.797977507065387
179159657777.46768,7.382995428164557e-06,4.365810199589649e-09,23.882217777293604
181377229644.6175,7.582667268343773e-06,4.073327392861715e-09,25.145744670477058
177748991054.4303,7.465184693765425e-06,4.225776138718269e-09,23.707965246182443
184290883209.80945,7.568311324615867e-06,4.035327246904187e-09,24.249616539848613
181768896889.2544,7.742302268027167e-06,4.18878949314834e-09,23.618628328134523
174544627376.39017,7.75445094433122e-06,4.061987953918736e-09,24.11020807311329
173720105219.60944,7.79813840176221e-06,4.132163521528359e-09,24.58381619236943
169877281346.72696,7.475367773951528e-06,4.300260750167889e-09,24.609793765321697
175093425195.94333,7.684885354647908e-06,4.402930964567398e-09,24.602410743533326
176145513147.33694,7.465548649422083e-06,4.436400873124654e-09,24.50502546400784
176253901455.04013,7.238530677253928e-06,4.338624445230656e-09,24.55627402383652
182792270279.42685,7.379605346374357e-06,4.352350080769547e-09,23.914638124105686
182325466107.39066,7.103830657953454e-06,4.287305431076971e-09,24.2105306366314
193589440075.68634,7.211945867320737e-06,4.616983253405873e-09,24.823621291365587
193478840143.01544,7.184953289490382e-06,4.643831380331635e-09,24.62325347209648
188726257480.89343,7.296290979579286e-06,4.709691807385611e-09,25.204358645716592
191305192827.3156,7.010120681510877e-06,4.716186438988693e-09,25.950362408683226
171620593790.96863,6.991723677237336e-06,4.749672104544187e-09,24.80768656576829
171391108695.6974,6.970811237566685e-06,4.91866755683452e-09,25.327451436841063
176235352208.52194,6.923005651607601e-06,4.720945524036426e-09,25.204870343523787
176510568046.8754,6.870860416163566e-06,4.852939481324164e-09,24.340811903651662
180207372234.55917,7.043877977617204e-06,4.790571620567663e-09,25.97581378041237
180061125826.72693,7.309278460761013e-06,4.572036815637919e-09,26.40082709421278
183923878525.06558,7.07828626729516e-06,4.780954686759529e-09,26.621086992628662
180116764239.04095,7.376165958625692e-06,4.717959468536291e-09,26.373586503500533
181834317707.74295,7.374111181390805e-06,4.537116882015077e-09,26.59264890551499
182028075988.00995,7.316852776451294e-06,4.717852237262169e-09,25.964449046358816
189153900725.1552,7.39675629442805e-06,4.723106327747717e-09,25.505649128006986
193854414620.5693,7.267434551061296e-06,4.802239949701187e-09,25.02336360461922
192230331751.74796,7.2343786218300965e-06,4.66088995986174e-09,24.37683768088901
182773502834.60635,7.285382895121511e-06,4.734978206850274e-09,25.660588977228265
182807588657.4908,7.404673833344338e-06,4.8455248731793196e-09,25.04077367976709
183846747837.79602,7.131449750328354e-06,4.99522441045011e-09,24.55925585513479
188461025776.1166,6.75575607405418e-06,5.05435903989437e-09,24.31766286280886
185420760419.16333,6.652897349080596e-06,4.963150633559426e-09,24.06863060340679
175966505074.85904,7.408349992810935e-06,4.81428729333174e-09,24.771217970534856
170815938383.0153,7.2417578592615955e-06,4.696919783021535e-09,25.497027688815447
171052183510.67157,7.197138050165236e-06,4.489173141216882e-09,25.183870348238607
177589272546.84113,7.263294086434772e-06,4.709177602341009e-09,24.54795859472463
173615877182.01492,7.657892593082166e-06,4.534059470098758e-09,24.989642848923175
169734429136.72012,7.237548693781659e-06,4.778762000260386e-09,24.74876254381868
173154467022.38922,7.2928230570831295e-06,4.745340658932964e-09,24.74176771156252
171393365369.59854,7.208244251501611e-06,4.774179070501112e-09,24.853594418812797
173516234756.09055,7.020092480537162e-06,4.60103773079459e-09,24.088996964698943
174479226007.06717,7.271750889945294e-06,4.66723185821355e-09,23.72972271270024
168200943489.5081,7.254602587563411e-06,4.429286924411289e-09,23.308631788159992
169507742226.93048,7.292385933718187e-06,4.384683135032093e-09,23.296096902274147
167126788418.00778,7.400052033499745e-06,4.416610316930653e-09,23.538480711952037
169818307934.2908,7.038431959616098e-06,4.3286929670936054e-09,24.077852966658316
171713453615.81918,6.982272492527444e-06,4.2440764315073345e-09,24.368050374994766
178670220105.71695,7.4698134965416105e-06,4.162103813039592e-09,24.960275323750857
175288034367.73813,7.65525151189636e-06,4.259733854721127e-09,24.619777863223444
175558575611.6491,7.948153774588011e-06,4.091122058909223e-09,24.663801222789434
178899372993.68076,7.71002979217853e-06,3.931440078905439e-09,25.603906265297592
179579444663.4863,7.448476439103979e-06,3.9200300266865706e-09,26.134890613846167
176316894455.19073,7.463162476921421e-06,3.997503012954305e-09,25.782745451779924
173277346962.40198,7.543133988153879e-06,4.04383625080213e-09,25.630040945601667
189028336357.83997,7.601810744574598e-06,4.040847641522577e-09,26.267203123649004
190713641621.6549,7.4198083679985765e-06,3.9640552599199165e-09,26.498001028985772
189966159250.09528,7.0614438827566024e-06,4.3178338273152386e-09,26.75596644690691
185539392738.30872,7.174818897015631e-06,4.543044434770013e-09,27.253341212569193
181801353233.85617,7.000167621795843e-06,4.486684722301273e-09,26.96611993975789
178866519209.9088,7.099068846009018e-06,4.57561895233371e-09,26.252460228376584
168648078410.7291,7.538464800684755e-06,4.470781435943352e-09,25.7894690467457
168448088517.68314,7.416882552731387e-06,4.585224537518649e-09,26.314037127588286
167317723241.87604,7.160636151126299e-06,4.611326110707144e-09,26.041784050189918
165719112928.4299,6.949420571163011e-06,4.698308143580941e-09,25.784851046110102
166120200619.14713,7.3374866279354856e-06,4.4264591252878164e-09,25.192916984932687
168317280384.83655,7.454716990580076e-06,4.291378656502699e-09,25.378159659960883
178488888153.13824,7.415453986096777e-06,4.468696587698048e-09,24.644200604737705
175663780445.01837,7.402204475259492e-06,4.280576838738398e-09,24.583697134430963
172587940668.7378,7.67142280612421e-06,4.1837846211441315e-09,24.861628235208773
168049230827.39572,7.258503412681813e-06,4.239728152814032e-09,25.060338287154686
171140054620.244,7.214233196296685e-06,4.390749907269607e-09,25.727963184251806
172174269107.41702,7.39044987469185e-06,4.369771157824876e-09,26.26596240242557
165635427380.63083,7.386191497180213e-06,4.246744006156509e-09,25.706541249483397
160314997817.79602,7.57926664188092e-06,4.260067748031191e-09,24.618320708008454
161638328401.58447,7.401139279754723e-06,4.381699737739059e-09,24.834533815380343
161619052280.4696,7.5542847398601734e-06,4.157245132286136e-09,25.054661452538127
170245056353.01266,7.724053863148514e-06,4.2605085437856664e-09,24.75513324249194
169992009511.518,7.830665945969432e-06,4.083843821683027e-09,24.698442040309672
165611500102.23605,7.656639842283698e-06,4.041392586002602e-09,25.39664150980958
168326438567.6585,7.602537551311138e-06,3.8863380621340955e-09,25.67678799321117
167902724624.9672,8.071195775018136e-06,3.8508528663439965e-09,25.550028544614793
172029806892.63077,7.754282830037975e-06,3.868076140021991e-09,24.593343585615244
179510391165.59677,7.802285054470665e-06,3.880386475675581e-09,25.528055513529598
176163260639.83438,7.4991217869463645e-06,3.965301368135986e-09,25.187382562716362
175834344377.7371,7.464568867799993e-06,4.319817670599114e-09,24.753041829158068
171539023975.6318,7.495837585495425e-06,4.031948475051532e-09,25.305656815196283
176472114109.767,7.829199223089778e-06,3.895830588265282e-09,25.480991885186462
182586987083.99432,8.037866921175234e-06,3.780420343065395e-09,24.396857401959927
182995926687.64508,7.847315825066093e-06,3.948941040265207e-09,24.698920963047893
189660564914.85226,7.672031521360251e-06,4.117171998340101e-09,24.706843159427013
182137749070.38275,7.612202134366658e-06,4.073072860805858e-09,24.874052625516924
178759016784.51144,7.453945609977865e-06,4.201706676327816e-09,24.107520138268917
185650025918.12054,7.413559934815464e-06,4.3993679029964916e-09,24.1518278571513
185141188928.2986,7.2779896742760015e-06,4.33769994988036e-09,23.190700082811524
181525933588.70084,7.4053251707822626e-06,4.199011479390118e-09,23.86177051254216
176512731864.4272,7.506353990266287e-06,4.135395676205959e-09,22.971040609449364
176814088026.0245,7.6288267237993104e-06,4.28530294748133e-09,24.00758381019149
173286784089.38733,7.714362105756466e-06,4.228346541273723e-09,24.322714152236006
170688025032.7655,7.643597199692994e-06,4.2702647698882074e-09,24.49627591004667
172983100631.90002,7.459024445160765e-06,4.143088171587147e-09,25.08537734794678
172420432905.80865,7.508792786461984e-06,4.335044705229002e-09,24.848403161247777
180990802652.39688,7.2578548099660515e-06,4.368243888055731e-09,26.479471181241117
180289423353.74503,7.061413748884874e-06,4.265103867251804e-09,26.305293019752646
179100467230.96298,7.047862826728145e-06,4.28721448566104e-09,26.08321369890386
181535332001.71106,6.918680961601488e-06,4.227872611786921e-09,25.473573415444534
181750468962.56107,6.873054418426782e-06,4.305281844978042e-09,25.340595679442423
177248895762.78625,7.3801947456075665e-06,4.3201985118539775e-09,25.251292519631512
176529670502.02045,6.7542164587152675e-06,4.5002449578813794e-09,24.82804318728827
176664259989.27017,7.232613815642349e-06,4.576341829582285e-09,25.406202976813635
171963364509.80222,6.9059163911696904e-06,4.604137158225784e-09,24.997834307802872
177913400435.31467,6.814970649283036e-06,4.450906125325128e-09,25.3842000765109
179786751131.8287,6.952878645277706e-06,4.486039324011901e-09,25.433396997375134
180191525571.4637,6.797842373086977e-06,4.4637532587222335e-09,25.161522074071524
173757423966.05316,7.348164173833675e-06,4.416889602140732e-09,25.30143684152998
181109049133.24042,7.761261365970957e-06,4.49045861609865e-09,25.118218924094013
175703592470.35727,7.446298117485704e-06,4.3459381972708125e-09,25.7896727496494
168196967819.99396,7.405754010916558e-06,4.445745958086151e-09,25.785399245897956
167152294600.8291,7.439226055794553e-06,4.479075153564177e-09,26.21681757841269
181216728116.08792,7.4527983809121915e-06,4.608073344619522e-09,26.2495877266875
185054731325.13278,7.524565271412825e-06,4.558091513809473e-09,26.296014218365777
185464411382.2268,7.516220034438197e-06,4.671012896931074e-09,25.499041391763456
190743942458.19968,7.603590207720884e-06,4.765738197464462e-09,25.19051083357344
192228297998.34784,7.414075324293913e-06,4.764484406529659e-09,25.57187381416685
187053107102.58728,7.37670110433744e-06,4.687402250599155e-09,25.307421831341426
201831880740.67404,7.2762567315942054e-06,4.629383540696102e-09,26.09344539741403
194829504951.16647,7.1997420964080345e-06,4.54914974630416e-09,25.979558121386162
194110343013.89218,6.98067491301484e-06,4.738922721784973e-09,25.562422612147923
197630224040.96274,7.131556110396142e-06,4.719385611909036e-09,25.887743471968317
198703656830.79678,6.695862757647448e-06,4.551185202660445e-09,25.86585706858583
193796222195.3296,6.690995766915451e-06,4.564663694230116e-09,26.23587508692836
189656407137.00665,7.159913074643362e-06,4.652580492049326e-09,26.831541877544606
183005200369.8283,6.9566155411254235e-06,4.705175169440456e-09,26.533310103193234
186000327063.9008,6.679009887131556e-06,4.629664382510808e-09,26.002161856746785
185286022786.84802,6.7899085410553624e-06,4.6348564802567485e-09,26.19189990267604
190085467149.59854,7.403048280464023e-06,4.372534193544174e-09,26.025768734997197
187671501433.65283,7.832012426150216e-06,3.9839223300237615e-09,25.772594429488525
185094596380.83328,7.805007447478978e-06,3.940918263533989e-09,26.11517242688849
185953276322.6211,7.956355581954065e-06,4.0646728047630824e-09,25.11378722804134
183415480781.9183,7.869889943846955e-06,4.021320887757364e-09,24.501881444859524
182673324538.6481,7.791246860954101e-06,4.149356170666821e-09,24.116006406905544
179083026585.88824,7.66351348931283e-06,4.108749735964483e-09,23.066757814665326
178737005232.01633,7.4370637521861305e-06,4.224782952408448e-09,22.45956987467311
187015645480.84158,7.623907016249058e-06,4.255165153697263e-09,22.693900466613822
191233806676.7241,7.398512233968343e-06,4.1257708835452615e-09,22.17221679551591
192881330648.13306,7.655322919341837e-06,4.297182496103118e-09,21.76807209313192
189220890506.98492,7.6147495930368255e-06,4.191868674397977e-09,22.35528194109005
197575073449.67508,7.2977096578156735e-06,4.448521119299682e-09,23.02208369879573
187258153965.4173,7.425255643269804e-06,4.562694056255091e-09,22.586441404266253
182456599431.99323,7.571903389846849e-06,4.34288926889535e-09,23.70235862268627
180357036022.37665,7.371661015009359e-06,4.424315691334407e-09,23.378631179657514
178756178162.81165,6.965576907093998e-06,4.276608055095666e-09,24.435696603631513
185059033800.76437,7.111401969722438e-06,4.149618055074267e-09,25.330401273778293
186131947047.11502,7.631609337771953e-06,4.3498470005815296e-09,25.80057712879839
184624557457.24194,7.3755760805602875e-06,4.139058800452662e-09,24.79579452906194
189134662432.02472,7.747839344407497e-06,4.298384532704453e-09,25.51290781767166
191747166450.02625,7.90184920061265e-06,4.395014120573868e-09,25.109704417817962
186771699080.55548,8.021227294491075e-06,4.3493697370614586e-09,25.243605976616806
179545442177.54596,7.633231995604593e-06,4.26891205193463e-09,25.991330513033304
184511435421.1767,7.675933079422455e-06,4.030340512247088e-09,26.22912685789748
184959867495.5822,7.909594923756272e-06,4.164942231752136e-09,26.41331663089512
182105115774.87646,7.888056126519574e-06,4.092388743333735e-09,25.959602253863178
185072549323.47067,7.737435940471605e-06,3.993567709960742e-09,25.84060299631194
178127330920.3455,7.752279832908123e-06,3.802961020376516e-09,26.10233562983541
172887416423.82812,7.99269397591197e-06,3.90192256135139e-09,25.375777984091712
174073866597.77365,7.888256605033017e-06,3.856334017002799e-09,25.116780428312683
167127460607.81006,7.951514814665843e-06,3.920432789202019e-09,25.055300531409266
157412991755.33667,7.567099001616365e-06,4.083782573314743e-09,24.37427353396274
156054082361.56192,7.358473325314385e-06,4.11784221348433e-09,24.08990739066036
155920552938.6706,7.322346454521395e-06,4.2020716970422146e-09,23.670642502172548
157073406240.18533,7.499589905223045e-06,4.151176967182834e-09,24.277460563896042
161261990533.90027,6.7946802607012996e-06,4.260700449010478e-09,24.134261897362116
153049049222.42142,7.124245993779255e-06,4.4417486872749706e-09,24.785022512682243
160505135070.37878,7.360895526434664e-06,4.18381103283982e-09,23.839820464765662
165284534628.62582,7.298125026903949e-06,4.402132686635908e-09,23.803135382097178
169311003228.2791,7.64009264765154e-06,4.358103632464392e-09,24.25946846866278
165286778943.74817,7.511421905815709e-06,4.240786226331335e-09,24.370514633933148
159368496624.14743,7.174602307803924e-06,4.056979184251969e-09,24.49300575722879
152004973741.67896,6.8068602896339485e-06,4.410892780334205e-09,24.82064716780798
152081605808.71048,6.748449497261652e-06,4.574610162189793e-09,24.432462170717557
160156499708.13098,6.778701646539051e-06,4.639580253241647e-09,24.214333655249284
153998109973.46475,6.8955859722769925e-06,4.734543399701603e-09,24.034870972901082
153672643304.3592,6.805740489616691e-06,4.878114727761984e-09,24.459625862704574
148443845907.16525,6.85196292156468e-06,4.68523658110853e-09,24.35427672453602
149008361570.42358,7.278291074652948e-06,4.492862406804889e-09,23.14275478906351
152639342054.40894,7.321693885476127e-06,4.5722199185088215e-09,23.74002023931045
154331830401.666,7.2941159833601815e-06,4.656661883907426e-09,22.72896519898148
165226353220.05942,7.024486786683376e-06,4.3946298785310815e-09,23.17504159029477
163029063367.0755,7.116363490509136e-06,4.504933681708877e-09,23.00865809675093
159884116244.6533,6.868616158138202e-06,4.620754719816191e-09,22.739264995860022
159813651284.49728,6.775403050532063e-06,4.676359007866626e-09,23.1271131420773
161248708674.05774,6.965313910399086e-06,4.649297861904539e-09,23.30118156194249
165145422909.7806,6.813214026178111e-06,4.759642672053908e-09,23.1665310970454
166825212076.25626,6.914571884179027e-06,4.752509795320383e-09,23.972706256558
170309795186.90384,6.568144861825497e-06,4.70483261393634e-09,23.642440800780793
173679540911.0019,6.8679715232529785e-06,5.004625005724835e-09,22.54332903214857
169682156204.77783,6.551397284398705e-06,5.201078692753883e-09,23.602602806984244
174968775153.42206,6.624520774128936e-06,5.324461903469121e-09,23.79089837830894
175135602814.75616,6.67925357975096e-06,5.0419574944657e-09,24.594321278536082
171121612613.9527,6.7324536559210675e-06,5.028624963917273e-09,25.509837130571682
162328879765.52692,6.99557562033421e-06,4.928812282871192e-09,25.806691336490932
158521417547.04153,6.788288459927904e-06,4.838059160826618e-09,25.561045998591702
170624820970.55215,6.555183395614021e-06,4.768988521176996e-09,25.30500725870003
166836719606.22012,6.785456553074678e-06,4.787461751962796e-09,25.416966369308163
160387184485.43985,6.6621999042837095e-06,5.069868231540674e-09,25.154989574586505
167336756294.58475,6.8427336220623915e-06,5.076668445230213e-09,24.50994695965111
161658264880.1343,6.770769076104558e-06,5.167194630748324e-09,24.00856566680564
162343877781.17215,7.097720158620135e-06,5.0412101179267065e-09,23.56392178840279
167824032860.8179,6.822675714236246e-06,5.1181594704202706e-09,24.583572510911004
166488295705.02032,6.662683371828968e-06,4.707978613720035e-09,24.1216728456004
164538037734.7107,6.907339841030248e-06,4.763128239245585e-09,24.364355253786538
175149659668.56644,6.7183504493781156e-06,4.857571583225458e-09,25.296043679932836
175998658518.08676,6.875458804515599e-06,4.619533225054244e-09,25.614055006391425
174673434603.8689,7.25984363416626e-06,4.6263211496302074e-09,26.062628009506337
175785050184.2301,7.254996812437277e-06,4.453348469566314e-09,25.440769781818453
168604823832.83115,7.234799152579195e-06,4.4182592839205e-09,24.87296487124917
176851501275.35947,7.065440215608882e-06,4.386587026116646e-09,24.864636378920036
165035035260.65887,7.089736240275311e-06,4.6892218137240036e-09,24.667351358351826
165484976375.6437,7.294870849890271e-06,4.688542292961643e-09,24.889416059702505
173906979794.6616,6.8960761367424834e-06,4.654727345339038e-09,24.66686375264371
177547453618.70856,6.890978507432411e-06,4.742716078823304e-09,24.25853674147202
183150426440.67993,7.228111804749742e-06,4.7875822257834434e-09,24.171632989134032
188666181558.19452,6.837333520238231e-06,4.774776426290427e-09,23.43999682221946
177956572015.03568,7.075757836279442e-06,4.811446967481778e-09,22.66248256489528
181952640820.39014,6.763192353360985e-06,4.972869111430196e-09,23.215317821032922
179981463212.50613,6.822317777329629e-06,4.984960484516842e-09,23.811321702694016
185673496135.37735,6.589545573802206e-06,4.769827186873456e-09,24.44239626299977
175860831325.9731,6.712166474021558e-06,4.70506248727937e-09,23.76425803428187
173530994854.67447,7.135020264714482e-06,4.651122350061088e-09,23.356045815630985
181415510916.74002,7.351019580603819e-06,4.561239475234135e-09,22.643469706167306
180253110292.80875,7.288411039385252e-06,4.678140850750615e-09,22.255777710681542
165759224921.1417,6.728772128236403e-06,4.50653066199119e-09,22.08857162905124
162247882563.16174,6.935621748598376e-06,4.458289720527135e-09,21.582259218535782
166921327509.99823,6.746921239123186e-06,4.6248167663226355e-09,22.322375649208734
167986494470.28296,6.7810634341625646e-06,4.713955614595148e-09,22.53072904410371
165239708001.511,6.7249409019743604e-06,4.695652301210111e-09,22.995993315746908
171518770433.87372,6.730350076445563e-06,4.880743242241403e-09,22.535664728197595
172700510727.20694,6.87783592997484e-06,5.059522676359029e-09,24.836571367769565
168511538380.6478,6.626198086073318e-06,5.193870849359502e-09,23.812283562176802
160052857795.21915,6.8738150050385996e-06,5.219570245664739e-09,23.77533304451471
160495946751.27277,6.854268718985069e-06,5.021546935446096e-09,23.636306999904704
169759259854.43234,7.073574565693874e-06,4.904136785454015e-09,22.911584372475783
166995715146.50644,6.985316660932232e-06,5.0480749154781745e-09,24.846145694574048
165248340157.54776,6.975878784478952e-06,4.964550939882573e-09,24.638208910370505
164036342739.6404,7.247846187775974e-06,4.9408904829750365e-09,24.727022323477343
165249873241.01715,7.0758023050213735e-06,4.550974402999939e-09,25.8624000381865
169820954366.02216,6.903205970066584e-06,4.530451021331212e-09,25.5403445969741
176789335786.96887,7.219641234195305e-06,4.546376305077749e-09,25.618816164898746
176479652691.55447,7.386115569490624e-06,4.782928365518133e-09,25.235786149377986
186824876589.0623,6.915008435583387e-06,4.51106461138244e-09,25.3589074576134
189697774645.49045,6.927486380045008e-06,4.481499027205802e-09,25.133595286263404
198776924029.56046,6.948861482542529e-06,4.560573453259124e-09,25.068367134716702
195302623876.2885,7.252573322309752e-06,4.443398045057457e-09,25.258457062818493
191654422775.67728,7.486490835863399e-06,4.233796381021714e-09,26.164840768822003
186122886244.71332,7.421133084552675e-06,4.327205128258014e-09,26.014369923990138
183503155630.80472,7.377508828067495e-06,4.365212117697368e-09,25.918135525790344
187432546131.08063,7.258207880757968e-06,4.4903808368591555e-09,25.43464144147434
182045812184.71475,7.658805711121207e-06,4.366523890311516e-09,25.071608287644278
186035706508.0351,7.5437365786680775e-06,4.218784686143817e-09,25.60879396655212
184993496992.70312,7.629357128657373e-06,4.236594539862711e-09,25.87831928933255
184710695303.4746,7.571102443234729e-06,4.071741770416232e-09,25.917655938742545
182243848469.94293,7.671822175841912e-06,4.218869302034002e-09,24.332334776825363
177392879256.95004,7.486146742466818e-06,4.105630105866181e-09,24.305129301631432
175813071004.30673,7.449459062685155e-06,4.278550447188959e-09,24.43168067401046
179732194997.75793,7.4126681730501645e-06,4.270368471900809e-09,24.861471911342186
188531934959.60962,7.093811359254463e-06,4.266624950059858e-09,25.73152624481608
183851875667.2656,7.037030331123679e-06,4.087411654099998e-09,26.039880548638074
191100222528.07834,7.221494140341937e-06,4.2483727743615286e-09,25.209292141977617
183477092138.5442,7.126203762099143e-06,4.342270934264951e-09,25.113026105748645
186035028225.0343,7.379313970161112e-06,4.278902383771456e-09,25.46251525821498
190267660968.7409,7.0384737531209965e-06,4.291885835914617e-09,25.774479666555678
186380548012.62637,7.1299161379301105e-06,4.418755187049548e-09,25.517258225811386
169274721268.11343,7.277486148859965e-06,4.300781058289299e-09,25.777521528672438
164501837708.25107,7.517114192085345e-06,4.12364908289453e-09,25.137538853871767
163587135276.57074,7.871758043016743e-06,3.93630174506448e-09,24.779385920375336
169258008914.6757,7.888021313598743e-06,4.004491014422887e-09,25.026942141274535
168914137031.57855,7.824912667383525e-06,4.247761893223275e-09,24.689712732003308
168914137031.57855,7.824912667383525e-06,4.247761893223275e-09,24.689712732003308
172416966459.32996,7.530526967969228e-06,4.20687232857179e-09,25.152695062293866
165851411512.38544,6.652340116341905e-06,4.566078453526698e-09,24.203658646836825
163224776108.99423,7.075928222574703e-06,4.596342171809673e-09,23.76762004362609
161128138095.01013,7.097379177111017e-06,4.8589557171206665e-09,23.596718822754557
166204056466.1645,6.895423963051365e-06,4.925332417151989e-09,24.212165224211784
176910793649.27145,7.037146353237903e-06,4.798630803264609e-09,24.036117781505897
171814976558.9488,6.985989960614958e-06,4.76923758374579e-09,24.821901815940084
175620226386.31076,7.162508975957513e-06,4.683671953250538e-09,24.371882468576818
174308325028.64682,7.2708029594208375e-06,4.486722559651815e-09,23.81593512432636
168534331313.77783,7.056195957395161e-06,4.65353211360558e-09,24.256398390120196
175523240374.02866,6.989534022639109e-06,4.521675881577034e-09,24.07396366103785
177920553885.3106,7.3053099101858466e-06,4.671849570285046e-09,24.122875127281333
177559117103.88132,7.313254579013966e-06,4.651831759275629e-09,23.780582702663065
177672379756.83646,7.53592826307765e-06,4.699051363521128e-09,24.57967329702687
183486028862.24973,7.0746656207221985e-06,4.55965863239427e-09,25.126512636808734
179375186341.48242,7.3317514519999715e-06,4.8968395382989984e-09,23.58029072831041
178407717262.33466,7.189499487022145e-06,4.697449283068532e-09,23.656250774469882
167761982102.31082,7.343561081096425e-06,4.552968661014459e-09,23.33064847975301
175687915486.8774,7.355508188354051e-06,4.566606218087272e-09,22.510887423360582
169569071130.3506,7.356999260473106e-06,4.473365665543628e-09,24.33641088468175
175590548805.2976,7.106734229382284e-06,4.344283279189019e-09,25.23086620922675
175933896468.77106,6.8450547784073695e-06,4.62386960121275e-09,25.286564238516327
173482032669.30188,7.0309794223863345e-06,4.515655556242875e-09,25.674786187809147
168361931811.13364,6.983789629692697e-06,4.301389920158815e-09,25.350440138277786
167701114079.6543,6.9597492063586046e-06,4.532538771856793e-09,25.287299556232217
173154182688.4544,7.202160180568841e-06,4.4110123801657164e-09,24.991084671985373
171760276178.00198,7.1821068587184e-06,4.311249102346309e-09,25.25608149758339
172550374417.4316,7.456017111480553e-06,4.228754720032754e-09,25.15552114387144
176816428342.1239,7.431981367735635e-06,4.211205813713852e-09,25.550592909222466
180644110545.1441,7.152181486416993e-06,4.188732162371515e-09,25.40923415333804
181665154127.11917,7.328733426553065e-06,4.173495408698232e-09,25.871041516441643
178391176713.63132,7.1646144881608685e-06,4.381709000544688e-09,25.472871625337763
188238864171.04672,7.39561875000262e-06,4.5691754119338694e-09,25.38968183860326
200533353468.7638,7.1640699797326185e-06,4.567652539958022e-09,24.816076478012455
197116561610.80563,7.317018030530427e-06,4.46730113536217e-09,25.753699711549498
193036485566.66687,7.51723004361792e-06,4.4842846553035425e-09,25.663119190896918
188023177604.88223,7.369279732634647e-06,4.3682079173282815e-09,25.48081082918133
188454227514.99893,7.808076037469766e-06,4.074146703891232e-09,25.78159237699093
177569612484.7305,7.2309291186863e-06,3.969970153983619e-09,24.88570929752411
166947050066.89804,7.667203045624677e-06,3.730343483386812e-09,24.785181839163567
163728799495.51947,7.814863498001331e-06,3.727335529251803e-09,25.408359542695276
163549110095.03494,7.845138257653088e-06,3.885264556874734e-09,25.195920457985356
168024796861.42386,8.111164044903464e-06,3.9227718205491225e-09,24.278423295454914
173205556852.36176,7.767590339110726e-06,3.976633636524795e-09,24.2372722504406
171481589790.11716,7.999137734783915e-06,3.900899379352605e-09,24.83240296647072
170562749364.7733,7.79162085531658e-06,3.979869160901027e-09,25.04943179495748
169545380591.91553,7.817782389708706e-06,3.933489028365299e-09,26.11015111411583
171497680417.80585,8.014504699995599e-06,3.847018532602517e-09,26.604430375222563
178971404125.99042,8.09441358795925e-06,3.994386050911164e-09,26.170211399784932
170964953591.9949,8.055043182497552e-06,3.815539280920681e-09,25.969789175080212
164716431240.93988,7.965902694242044e-06,3.7716461966619105e-09,27.277882763960626
166259630245.95642,8.09892183391356e-06,3.6196187097434274e-09,27.11142163117788
164475468657.5215,7.804013292605349e-06,3.6435991276354837e-09,26.91975064965006
167609966741.76004,8.153126771139259e-06,3.797425805369527e-09,26.98467825103979
171278782828.49857,8.058734476772268e-06,3.918143766861125e-09,27.58473364811828
168439291110.75076,7.50201239879651e-06,4.08140393065285e-09,28.63467247019637
166675817640.75763,7.533099103317178e-06,4.071928665085642e-09,27.699609671162065
165518283326.3475,7.23975648922336e-06,4.02774061827178e-09,27.837807805434792
163183757848.06302,7.098200219268822e-06,4.14829002086931e-09,27.824918014171246
169017513739.83792,7.424576697087739e-06,4.047479695036478e-09,26.98243251053961
168138858496.97815,7.648915259930635e-06,3.930165395619451e-09,25.901084571032715
178834571429.3543,7.813408177286316e-06,3.965604357461804e-09,25.12508886429538
178629537455.54688,7.5595370045854355e-06,3.992685753928873e-09,24.545896716160467
170827173482.7329,7.843310330009846e-06,4.078692878965773e-09,24.02094587899871
177546719932.0092,7.501591784212408e-06,4.18340299864905e-09,23.39857905849518
167505792631.8717,7.88003081936524e-06,4.056556427032375e-09,23.2760276142133
171284776115.51218,7.650449014280557e-06,4.156670641048973e-09,22.848695589427113
178386779394.33737,7.75594832316892e-06,4.138826834751728e-09,23.12165298924311
184962824804.29706,7.546321133913528e-06,3.985517850767304e-09,23.205593495759206
184379434961.05023,7.164605659287755e-06,3.948826458891459e-09,22.844339189028872
186561638156.48947,7.671210262522323e-06,3.753590328052394e-09,22.408887042827363
187339224322.3472,7.790193626222852e-06,3.772850054714898e-09,22.210468974228554
182917699173.04398,7.521062572625562e-06,3.916832996002345e-09,22.13982074054996
172304863527.2874,7.700954766158467e-06,3.898943523828509e-09,21.853535641836054
174942257971.38547,7.596114978942175e-06,3.918983607203005e-09,21.833695032526055
173761637599.5693,7.521965333182745e-06,3.983977796774025e-09,21.351408595166742
175821403680.01025,7.75133364814875e-06,4.064074104173661e-09,21.984696205520624
176189881869.24545,7.783547779480331e-06,4.124474594182728e-09,22.38629330371235
169430301941.18835,7.676438429832999e-06,3.960910296923786e-09,22.548285454716094
176965316436.02618,7.76118727085706e-06,3.929442886467189e-09,23.192794335477355
173410924855.20355,7.76390548588054e-06,3.946763511624392e-09,23.90318782143486
168123837896.72394,7.736444982485628e-06,3.913164809881266e-09,23.762831967464283
165703622150.93478,7.77037964336383e-06,3.843154409527956e-09,22.540163841371236
163639856095.97144,7.597313401119538e-06,3.899753565762592e-09,22.797895805916266
162497717405.49695,7.691800596037752e-06,4.125927201731401e-09,23.23145024222939
167782978102.5783,7.583566926624079e-06,3.9362379985568554e-09,23.53211593259356
163966611585.1646,7.338480405175677e-06,4.023854302408217e-09,23.82140916281875
160198275719.8053,7.414849840826175e-06,4.244662107228577e-09,23.74661488059085
159282055101.0757,7.110225925132679e-06,4.168458343437011e-09,24.72710910394218
160851946664.65033,6.8710411689424734e-06,4.413513089499096e-09,25.332885111059202
164778622430.9358,7.09083120090931e-06,4.445421499432659e-09,25.678496626308146
175419686656.38235,7.587878564998812e-06,4.472034157460262e-09,25.77481332138131
176225017937.0528,7.5335865962912415e-06,4.282357225336467e-09,25.30625421176333
179698772216.8522,7.650819083007486e-06,4.274574846419276e-09,25.642828657555047
174453570637.58112,7.702593451884102e-06,4.246107792564053e-09,24.87066438292603
168542972637.69797,7.463391298569184e-06,4.5094394927797095e-09,25.03987945560318
177661219769.61475,7.445505363878938e-06,4.485102085339332e-09,25.212206568305522
176311608997.47546,7.072385833842272e-06,4.404512542296821e-09,25.724776030327153
172144529249.10977,6.881462192471546e-06,4.652216988935346e-09,25.89100244204729
166048718605.14444,7.357791709504187e-06,4.658062428214151e-09,24.875707786395004
170940016952.83148,7.42027085431477e-06,4.7901514169936346e-09,25.028284627464178
173111981094.05582,7.017026618745128e-06,4.784830976927594e-09,25.68956560355122
180058466234.8713,6.889859057858333e-06,4.944890660000869e-09,24.526728638868775
178384521380.18677,6.760145207178816e-06,4.894689634987348e-09,24.579526635545587
180725040287.2047,6.557536509052106e-06,4.902165452345349e-09,23.684077928275425
178253223635.97186,7.054071760701055e-06,5.028796807841095e-09,23.911682617723095
177850970864.49783,6.777471636288537e-06,5.030962088910365e-09,24.910160787522944
176228926179.90756,6.642717412718452e-06,5.0509060185345606e-09,25.188144852654375
177311145944.51535,6.564830815113677e-06,5.048981261575136e-09,24.728753115171006
176011441599.37454,6.822037504137698e-06,5.128995500773135e-09,24.373412205146302
172921183481.7088,6.5861516700892035e-06,4.938143556664082e-09,24.674250617104878
171521234958.2905,6.605064470688131e-06,5.251489594094792e-09,24.117643539836234
178990639759.6468,6.61569705571658e-06,4.996667825391866e-09,22.855956666192398
180810392477.65686,6.535911798873169e-06,5.2215601587201165e-09,23.55523441702295
175734339120.27768,6.941537535998871e-06,5.196871793529184e-09,23.72655261544884
175406696819.1088,6.9612386926257444e-06,5.112494814855964e-09,22.9996444641509
177461180738.03113,7.072990083356235e-06,4.9894914256294025e-09,23.298104399740332
178248442269.05536,6.948195534080453e-06,4.722176850801696e-09,24.052831930900012
172341194998.72556,7.238293151836011e-06,4.563236706736928e-09,23.522613525886218
175901459611.6682,7.455206685271447e-06,4.361557963610022e-09,23.625821275899504
175031883972.27567,7.5061168971040154e-06,4.285362095551665e-09,23.47634185220996
176503976461.89328,7.20928282984113e-06,4.18530563304436e-09,24.49730459450254
177377898368.36743,7.472551368392298e-06,4.273731506221594e-09,23.867278896862402
174796762788.81772,7.265930884356455e-06,3.948090857829507e-09,22.731183267590655
167359470813.11337,7.905798263274262e-06,3.9493302453333e-09,22.478300001226163
163902448785.5237,8.002586683648486e-06,3.885862811335547e-09,22.517078241854218
166470535936.11932,8.494585232188116e-06,3.693383536999785e-09,23.715495281178722
171424593908.3898,8.157216286146577e-06,3.743993781199095e-09,23.74705272240237
167448574897.92062,7.984194662748011e-06,3.6588535749266518e-09,23.813118433056445
170676317802.77975,7.534223478153435e-06,3.7852835624429345e-09,23.91776290342414
167538671757.9828,7.788615247698749e-06,3.580387425515309e-09,24.4157374296439
162279019625.0446,7.747902096555105e-06,3.6338258026514344e-09,23.782429883558883
165539532467.58173,7.972790958417158e-06,3.8715336789446445e-09,24.8014212503558
174538278299.2455,7.639011841729121e-06,3.794349092471353e-09,25.30257587543229
181771211779.98615,8.040083094191036e-06,3.7253284539971674e-09,25.13817379545542
180646426429.79337,8.224651253869447e-06,3.6370283364985733e-09,24.25869327028127
175241062463.57843,7.88854791863134e-06,3.614906528501988e-09,23.763485252596123
177846525922.6213,7.8734414306391e-06,3.687277993505812e-09,23.860870216323573
175022836728.55737,8.164069581585919e-06,3.5892427405907245e-09,24.24063212602258
170780819709.96802,7.908305004079723e-06,3.6707234446445322e-09,24.32427792216408
168947165085.54358,8.055304744705263e-06,3.756772315931247e-09,24.34394383553266
173775637583.92294,7.65820030633855e-06,3.8254052782844075e-09,24.886889186974066
184942939090.57883,7.774639823243822e-06,3.775708548968371e-09,24.97826389933535
189177829117.04556,7.929182744125325e-06,3.848497450808663e-09,24.570184339920324
192798006701.80176,7.584319456644507e-06,3.899684648672729e-09,24.21844022359094
186060373822.85126,7.89363698222678e-06,3.88267913065957e-09,24.712851459772352
183008011340.51825,7.954832273434544e-06,3.940072170941512e-09,24.427802429187384
186760146598.96027,7.800726237304103e-06,3.943776142397733e-09,24.292939956563547
192160849650.72668,7.79337446120837e-06,3.9169511255643474e-09,24.29255590642921
185611685607.48404,7.706956503870746e-06,3.846620344538852e-09,25.064848534634237
190273868849.19064,7.552389474534087e-06,3.9684678776057275e-09,24.56358717979743
190100454832.95224,7.193363100848654e-06,3.845457171256451e-09,24.27306470017474
191740484644.4039,7.419207356488636e-06,4.017763787772874e-09,23.38604873835166
186997392855.17313,7.314201338753345e-06,3.787612090562249e-09,22.853182242594823
187974288868.98392,7.668465688398258e-06,3.854643117929465e-09,23.062600786395198
187301232474.2299,7.657483229909612e-06,3.839034823015852e-09,23.43937043955424
185699397927.5488,7.4325417180997546e-06,3.808267797551002e-09,23.629852542630246
190949139790.03754,7.911068494265204e-06,3.6427681805058664e-09,23.37061137848764
189841359379.08627,7.678990459420882e-06,3.791600983245545e-09,24.021598862701513
185892141054.3162,8.042110910431025e-06,4.10435665638679e-09,24.304585217032745
176718767090.93893,7.771861002031862e-06,4.0715025579965546e-09,25.298140180443905
186243608776.09784,8.032747151629156e-06,3.925369426416593e-09,25.237470443687684
185503976266.40054,7.79911405041791e-06,3.963283054993248e-09,24.623786073085427
187707170027.1465,7.639884562373345e-06,3.842217559999436e-09,24.062143532470557
185097547012.27,7.634362589275325e-06,3.9854145910282415e-09,23.982780214061584
178380826770.40042,7.586157427342695e-06,3.906808327796172e-09,23.88380484266714
179078411254.92886,7.373650522948589e-06,3.872878326571456e-09,23.946565565221455
169195228835.43756,8.129834526642087e-06,3.808492509710567e-09,23.490706611300965
167935403718.51123,7.857418353663745e-06,3.949795458553644e-09,23.84658372490865
174103098834.2818,7.953423525643684e-06,4.075764083971862e-09,23.84961670676572
169601073316.47128,7.839761872778575e-06,4.007152041165743e-09,23.627844188254922
177445988941.3195,7.811255594392605e-06,4.217749187271814e-09,23.116459376935047
177153566372.01904,7.623692128927296e-06,4.262962156332825e-09,23.115918310267823
182716216872.21802,7.668569482912884e-06,4.1685989854019144e-09,23.59505841713067
183844167055.2264,7.655687209217822e-06,4.123426392000884e-09,23.885064588508897
167359488758.042,7.465408821113855e-06,4.1621787695219466e-09,22.960107716816808
172965284674.75,7.83049222867748e-06,4.237329559128503e-09,23.99795370463103
174788073790.96448,7.498085436240972e-06,4.163271834657215e-09,23.352223709779647
164600462000.8043,7.169064694106942e-06,4.122073539476456e-09,23.070354178154222
165175241141.06433,7.2008488542477175e-06,3.884530151470817e-09,23.812815684030966
166583283355.1185,7.355425576370245e-06,3.908001197860523e-09,22.943453969026862
166584917995.62103,7.619245939404779e-06,4.315726973338487e-09,24.50012911746886
164707057540.8428,7.444578115057877e-06,4.169544957746655e-09,24.889785932857208
165969134771.7669,7.439405295629545e-06,4.312878645910213e-09,24.4491277479039
165589238479.463,7.740635396889728e-06,4.226076021204785e-09,23.457172761767463
171183782245.50253,7.245699070393805e-06,4.235956242459186e-09,23.4705648321124
176152364629.83786,7.4457683635489905e-06,4.313291398090275e-09,23.2299301222152
175647396265.56506,7.255469062052742e-06,4.384911254602432e-09,23.366914728235965
161239147609.65384,7.18400121227288e-06,4.360692115667449e-09,23.444709963980998
163404282799.1852,7.365043486520418e-06,4.324548976203532e-09,23.529866052356493
177758218970.45776,7.159110487595943e-06,4.494609546975517e-09,23.16630220602815
182854692419.86633,7.024998352391147e-06,4.483237672442482e-09,23.469630336400655
182505123496.46402,7.133432225099771e-06,4.5561763154455154e-09,22.513478242682915
183091667646.05893,7.467901199281166e-06,4.531972491942331e-09,22.57341410963759
183743011244.02707,7.489573591437566e-06,4.348353305722935e-09,23.448157656542822
181427317185.0313,7.428141771341695e-06,4.2689696729593255e-09,23.491042257689415
180449254243.33752,7.43559446800339e-06,4.3535650382748074e-09,22.70339005058834
177218886286.79605,7.288467860816343e-06,4.2700246047168245e-09,23.117383805941206
178025306870.4944,7.158918579853088e-06,4.330143784271984e-09,23.59497721373044
182655491080.57935,7.659495448563522e-06,4.265035044493791e-09,23.857874485754238
181249752856.86115,7.61872677916175e-06,4.230631691580631e-09,23.624928865533533
195867334314.44794,7.693422226081517e-06,4.229805674018971e-09,23.449402036078087
200077837022.81165,7.655513573657585e-06,3.93995352234173e-09,23.701197796602486
198559629311.24316,7.503891148202886e-06,3.856661028287831e-09,24.533163193833783
196839265965.07977,7.352921300059785e-06,3.830361245516205e-09,25.085906546679563
194248833765.8714,7.501556164415641e-06,3.94019294702405e-09,24.151354258054
190527985364.75107,7.911197450549594e-06,3.9543266927532776e-09,24.46421319142753
193396420981.18958,7.831286862142947e-06,3.9852021573127445e-09,24.49699536781148
191187697206.91702,8.03939995566827e-06,3.9465331790550885e-09,24.043172995310506
183101057435.04263,8.048469547398104e-06,3.756391158406173e-09,22.910636007651785
178578078221.3342,7.63608848752035e-06,3.848232300324167e-09,23.224424247517984
169757532426.0226,7.717782246734435e-06,3.882152092398081e-09,23.857444665066968
171671334539.87637,8.038052274986253e-06,3.814507495192499e-09,24.362695808166247
169307388615.3825,7.74292088266581e-06,3.876556321545087e-09,24.25405332923959
172444869538.0706,7.886775878130009e-06,3.805749331558858e-09,24.066231432210103
177416178883.63623,7.578775695733906e-06,3.926503043582021e-09,23.94559916550474
179905245708.65,7.687569580903556e-06,3.996481496357905e-09,24.192165064959745
185950378957.41922,7.301844964396523e-06,3.735424572394738e-09,25.212282712238512
187388239215.16397,7.676223164564652e-06,3.9409847561627376e-09,25.078857735220872
175568416869.77853,7.5753814500265695e-06,4.227023646595733e-09,24.97327720449902
182993207593.995,7.56492911524828e-06,4.407155824043128e-09,24.80757366406386
182725635268.4153,7.403765997455237e-06,4.298188398910292e-09,23.608654835860246
184517858702.57944,7.425838065337824e-06,4.4074046111443936e-09,23.08201816528236
185389239671.05026,7.033751192695806e-06,4.422845468492995e-09,22.85247855000392
188017085005.5389,7.170540048941791e-06,4.033944762505725e-09,23.83145428606148
187310633366.30304,7.438264788469929e-06,4.042080730817302e-09,24.73618087655802
190335154604.71994,7.365233761130047e-06,4.078334731413478e-09,25.600605732335993
188803277595.85376,7.688834388118599e-06,4.143525860089057e-09,26.76862585447807
186762678088.38678,7.433763884056992e-06,4.173779283378977e-09,25.81338191062131
183315053286.66345,7.657671085612707e-06,4.269079107752216e-09,25.127795224951356
180451486311.46695,7.668245584061938e-06,4.287749863248868e-09,24.76875336506044
181839565299.1854,7.544592622790281e-06,4.533947829918384e-09,24.60531284241426
168271125851.01935,7.254536242476697e-06,4.17868888193395e-09,24.37178523442295
163674828515.53357,7.664495876299152e-06,4.082739168157045e-09,24.041605408914418
165927137111.1323,7.884672973467949e-06,4.152550441204697e-09,24.457221054836477
166598666427.721,7.777778829598455e-06,4.0590595564816865e-09,24.469895265612394
166478864523.80386,7.738735174320499e-06,4.121225916468905e-09,25.015014527632086
172860305051.85327,7.655923445080183e-06,4.146790311408878e-09,24.42659212883622
169715515607.22284,7.6280993479548705e-06,4.282475873728436e-09,24.20522514541363
164972472336.2872,7.000379076492673e-06,4.526642189444692e-09,24.151459103674604
167072978451.5693,7.35303610858184e-06,4.403391999606309e-09,24.508856409470273
169913929132.0426,7.059564927155779e-06,4.198496868288114e-09,24.60874243423987
175968771546.39786,6.972531621573163e-06,3.993684215446295e-09,23.73694682570431
174098765895.015,7.14180458477458e-06,4.049470952211553e-09,24.03959198482879
173881581760.84134,6.729044110519301e-06,4.154543175599128e-09,24.100210380572225
175753675938.9356,6.7261304875580745e-06,4.272409941564322e-09,24.361149182975492
177523421696.25122,7.1386450618807885e-06,4.3365336035424155e-09,24.402515208534183
171164709237.48663,6.6806383574060085e-06,4.355058727282216e-09,24.052746948688565
168632724836.49115,6.902255720580492e-06,4.413723094114147e-09,23.887105803585325
185217272500.28015,6.730916466547191e-06,4.620106848097754e-09,23.921082670301246
190446028319.12994,6.718554525953609e-06,4.650382545403327e-09,23.639661003778016
190522396311.38297,6.736226387970517e-06,4.996817637232087e-09,24.429740946870027
188463684559.8014,6.7828807749624495e-06,4.986844064884068e-09,24.35038324603968
175199361455.18964,7.185845974733737e-06,4.823795437102258e-09,25.601700800409677
163069277543.12534,7.051917776356785e-06,4.881664163775684e-09,26.012354471387393
167387061299.7614,7.214853038743558e-06,4.80165808150605e-09,26.7213249268884
173052631613.53275,7.323119079653659e-06,4.6771674725889186e-09,26.629794988068166
176165069735.2254,7.048090831529904e-06,4.709302023746438e-09,25.549228413851456
179382286919.57166,7.338400283454347e-06,4.596585772781879e-09,25.124012752710982
182341176622.96475,7.375129139396145e-06,4.515725479377646e-09,25.132326099840686
187579731684.30093,7.516909511805712e-06,4.3729972435939565e-09,25.745729244618957
188387649663.56494,7.262240163572168e-06,4.390294732974968e-09,25.837525993832156
185422942397.82672,7.1634972705691745e-06,4.413020374780054e-09,25.414307893049408
187211824709.04315,6.7140270848525564e-06,4.387699725959345e-09,25.444966369800603
187915324058.0251,6.7597445377306395e-06,4.488281416318446e-09,25.49298635557527
190484467169.18732,7.0476355502858004e-06,4.68067875458469e-09,24.928844115778016
189741952671.2709,6.8886630048307655e-06,4.7691091303203885e-09,25.271081457780596
180276838819.1569,7.4620075269902555e-06,4.639617052733609e-09,24.907193655540834
177749128139.39,7.610567620258363e-06,4.7599626936214504e-09,25.145079650700396
178875264425.72156,7.51914119367908e-06,4.78014600404493e-09,25.443249196136588
176977213019.02307,6.769058261231768e-06,4.762842591161969e-09,25.878174127954317
172674698369.50626,6.768478093609944e-06,4.784967950789237e-09,25.5180226216637
167724883920.6981,6.931411209672817e-06,4.8418061609097735e-09,24.857767965108927
171828769778.0692,6.799692709414766e-06,5.084119832523589e-09,25.027844908634542
175362349605.58405,6.960812863548919e-06,4.789646007192809e-09,23.593757760306588
171229031366.56436,7.224895134567218e-06,4.934113351518525e-09,23.474609066169105
171902963889.63556,7.334690231671528e-06,5.00798435635678e-09,22.938732271783557
167538727305.8131,7.400100272337339e-06,4.994900328713326e-09,23.044361984801363
171207875027.86807,7.264056772654848e-06,4.816996138425001e-09,23.026825489733014
173245118920.46667,7.1659856297016465e-06,4.780473335691777e-09,22.69207216146
174820860210.0916,7.116240342773907e-06,4.931902557966345e-09,22.894382032319356
176620830170.66608,7.005595013032711e-06,4.79638213818827e-09,22.518286197264928
189092525783.15057,7.1313579482836785e-06,4.8312172024600584e-09,22.294663918848116
181569027015.41415,6.892606403145535e-06,4.843609996447826e-09,22.48580535195539
172749171761.0113,6.671743188783752e-06,4.7325094737978655e-09,22.79026996794035
168253955527.8627,6.854705060055117e-06,4.806787397687843e-09,24.247738589959518
166795014278.44974,6.9518787521913976e-06,4.939257570440815e-09,23.7643632597693
173279285088.3951,6.6659566656488425e-06,5.012105703004658e-09,23.42180989525331
176511238943.07147,6.74434345963787e-06,5.076352353546652e-09,23.88393248250372
184123398661.44574,6.815285464867775e-06,5.029801217498421e-09,24.452711352430065
181271377341.3921,6.956245346838865e-06,5.071412780333414e-09,25.22665844635975
182297561098.87186,7.023989077192642e-06,4.9464109479122255e-09,24.530822475137672
183461772167.1407,7.124019814144298e-06,4.980827339958102e-09,25.63424998033691
185907860848.62848,6.950686116755201e-06,4.838446036712142e-09,25.567573614116398
173799849988.74118,6.689613933571732e-06,4.758335603283092e-09,25.15720264327367
173937162949.55872,6.992795292921836e-06,4.592107544590263e-09,25.44969757593747
170587750722.0322,7.287463941431726e-06,4.467923431163452e-09,26.150065946827834
177582945353.83688,7.513281410075687e-06,4.249090022857178e-09,25.87595892207635
182128309792.63733,7.516876643363483e-06,4.3550619024454005e-09,24.976619775726675
177481761019.55637,7.356006959043329e-06,4.524961932992057e-09,24.44406196947336
182805498185.52182,7.01551430594089e-06,4.722900484229787e-09,23.380407122720396
183869624918.4349,7.1989509685345236e-06,4.571528790533097e-09,23.608673397995318
177694780339.07333,6.5997425893285885e-06,4.681436274408454e-09,24.352585817738156
189681852050.60843,7.182564644682837e-06,4.673527032913417e-09,23.438493219350782
186328439865.393,7.405474499019469e-06,4.640942335532086e-09,25.42813299047296
182755331830.01978,7.289575726700488e-06,4.430305635190938e-09,25.46244543142562
181945245607.73428,7.107862508284755e-06,4.432656083201921e-09,26.2205699951304
188997409459.85962,7.106265801796639e-06,4.6495580351997545e-09,26.396428703467667
193627428319.5884,7.255783736623565e-06,4.489489718258586e-09,26.528977820365146
185275084492.58292,7.91715899100193e-06,4.068651591601648e-09,26.1915010128866
184821272857.76248,7.695602259801463e-06,4.095115849327665e-09,26.307277555844134
180155220498.6434,7.890550307325625e-06,4.054734455195644e-09,25.747334463795216
171330409449.2437,7.672781059603537e-06,4.088781331718405e-09,25.257288451324268
167381265359.23294,7.486672798915687e-06,4.014037200074863e-09,24.835733862024583
169843383002.87744,7.458712031041237e-06,4.090786340164057e-09,25.107979719142023
170588772024.83804,7.344347414434618e-06,4.2982688644800145e-09,24.451715361025386
173878881193.83078,7.668464096662805e-06,4.1617264952895455e-09,23.679102850455283
166405041931.5188,7.5607817568443e-06,4.315792863394037e-09,24.41282624125399
171115057371.9946,7.650527733531985e-06,4.3561111339893974e-09,24.198509238507025
168485281746.62643,7.466775351056711e-06,4.194826186167312e-09,24.486990960524317
167357417259.2643,7.751714887948852e-06,4.2443801711682445e-09,24.291491816825467
169273861672.301,7.705825382485566e-06,4.313649050115841e-09,23.455918870320073
165767414659.70972,7.277501272347112e-06,4.518870764266464e-09,24.035314521136264
162686904316.1401,7.241703272127156e-06,4.7024379693525906e-09,23.958801061084706
168744340267.0049,7.120587945664425e-06,4.5061382611237695e-09,23.554943490356017
174519363759.08575,7.4390859425175605e-06,4.2662972679892034e-09,23.321503804617148
160343188917.5869,7.472981412020625e-06,4.414472448343447e-09,24.57189233567816
164071464819.8319,7.3268090285639325e-06,4.4417583230777485e-09,25.32084826372208
164428275243.77078,7.23942272217986e-06,4.315310549954131e-09,24.71581722544809
164829795280.40567,7.506730748447251e-06,4.185559074359897e-09,22.918585211855323
157967702543.4717,7.689857206364072e-06,4.202012864855156e-09,22.351809646655326
165213934049.17557,7.79664803789959e-06,4.174616976168149e-09,21.988789599204555
169030434548.68976,7.438443716662721e-06,4.496957389744689e-09,22.781910824868643
176797160669.0206,7.020535264389364e-06,4.463689148852589e-09,23.627769624905262
173334842774.41986,7.2664708782947686e-06,4.495892859155987e-09,23.976744380512336
169754133543.97107,7.37204962886135e-06,4.516495631384453e-09,25.29479511453206
178038538301.82065,7.29430495331188e-06,4.552484651329107e-09,24.76211650847405
175743605520.7193,7.2166922057853565e-06,4.2185619274915765e-09,25.285840446342455
180748178439.867,7.378787545314841e-06,4.364385986491877e-09,25.303123996432205
177411737882.3072,7.258502671639444e-06,4.250395315137649e-09,25.67762202395024
179624548440.3338,7.61416788443008e-06,4.010703143343211e-09,25.276603334764424
175134159354.60052,7.331769112205189e-06,3.974322113568807e-09,25.505594520840173
171629472839.9093,7.411090701966064e-06,4.156747297435192e-09,24.452006024390933
170508603466.55106,7.256458650643419e-06,4.140998853791171e-09,24.904192001587415
167517883208.6138,7.102315891229719e-06,4.231685231138677e-09,25.92938866814369
162262480987.94537,7.307326407622936e-06,4.317574993662025e-09,25.51765714024037
168688280584.41617,7.317184765437942e-06,4.2221838916757825e-09,26.640463940063746
164610387164.97375,7.630407898594927e-06,4.307288328223684e-09,26.515935818833412
161432659904.5134,7.264228240348103e-06,4.27139668204484e-09,25.692271540283063
168123325418.84027,6.840463148680521e-06,4.30866342558658e-09,25.824753511337118
163405878035.2735,7.194878164993242e-06,4.52706842910522e-09,25.670701902281976
165668656104.6543,7.332929464920859e-06,4.616965828773947e-09,25.783514571920506
170350333674.53577,7.158173523079786e-06,4.4692162686307226e-09,25.110935551307918
164933942808.8395,7.321424917793202e-06,4.616829479235973e-09,24.814113359934396
163477650327.13425,7.323120100044788e-06,4.74387177801984e-09,25.591448406782735
163526913318.28714,7.291728294022387e-06,4.67862851908283e-09,25.791725388331407
162594774301.64053,7.129841715062773e-06,4.8443714165404064e-09,25.875379932749343
165175130807.3896,7.213807353136103e-06,4.689269900656641e-09,26.36565725978503
161649959728.36185,7.291556720258319e-06,4.612746966283392e-09,26.50147451024349
158785690306.55127,7.305397740190383e-06,4.415322591483517e-09,26.650224765152984
170237248248.5444,7.437695858000662e-06,4.440369282223669e-09,27.11486025173958
166975082745.74762,7.456562308789672e-06,4.276718031844911e-09,26.586095492972817
163525531180.2786,7.315606818214729e-06,4.375141276142603e-09,26.456569771660487
161044353819.7193,7.672885089329282e-06,4.234531666039299e-09,26.17365734888521
155919847913.98294,7.48551231756705e-06,4.113537792426159e-09,25.98063794626768
153167617929.8767,7.292120731812613e-06,4.289802742137199e-09,26.585477851286118
154029935662.7775,7.051894002335516e-06,4.3043446380729695e-09,26.748815186048486
148682210905.9973,7.020600634802587e-06,4.0331703168479396e-09,26.056934092259592
146281743581.57178,7.211796887366395e-06,4.130229569696722e-09,26.856536771397774
152326111529.8719,7.4426069889337785e-06,3.990169505466948e-09,26.303474577582097
157699332735.09753,7.401423985237789e-06,3.906297252649499e-09,25.964072600697044
158470626279.0949,7.50753510531873e-06,3.878404063738018e-09,25.571267126050543
155533701512.9358,7.545112219623453e-06,3.8874801719547585e-09,24.931658981719174
152065948802.77768,7.759785518123212e-06,3.930611616074896e-09,26.110080526425936
150634713425.5642,7.930442988545765e-06,3.8602937714543044e-09,24.65879769924387
156663517036.42017,7.813707783995348e-06,3.6760341575333165e-09,24.10247513970504
158863932539.41418,7.73599643904084e-06,3.935609336188622e-09,25.012511825366808
170107683183.29913,7.731083675767832e-06,3.8373399888193685e-09,23.84609766904587
174046844762.6627,8.077666953837975e-06,3.688014110860091e-09,24.44729249414267
164063484263.1443,7.915345883831479e-06,3.7103540461453666e-09,24.55964806411018
165555538909.86838,7.651360423240209e-06,3.877943791783067e-09,24.303009752155813
165133166466.3934,7.753772186109568e-06,3.881702150991267e-09,23.90611739689467
169470818797.27057,7.914585472725816e-06,4.328338887166428e-09,24.631501793174973
171400715876.47263,7.839758968442629e-06,4.161444902374409e-09,23.926205490330254
182616174966.95926,7.945366002528551e-06,4.011311718320369e-09,24.00651259558368
180267958213.84903,7.75330844653467e-06,4.03561016052138e-09,24.347593559107143
183727220822.46048,7.63637222677596e-06,4.031107480612595e-09,24.157759509323014
171786770549.96262,7.805280980997581e-06,4.168133224141112e-09,24.816541008931257
170902561476.70926,8.044861333351907e-06,4.174056785492909e-09,25.104671667653523
168602742076.4869,7.386555522555842e-06,3.919002323895648e-09,25.592271854106833
164627813795.7664,7.535288175989346e-06,3.969137104387744e-09,26.53625803402981
162126738128.42294,7.244147572574133e-06,4.028100420973306e-09,25.613078644107087
161660005630.16113,7.3976005603260455e-06,3.946106297377961e-09,24.77468145440522
160189703722.19113,7.777524810623834e-06,3.754010933710848e-09,25.257362615990267
168627620701.82382,7.659797287335752e-06,3.8280802666419354e-09,24.806319537773007
152569853267.14313,7.920685970569505e-06,3.934080518876819e-09,23.91570440579578
162593207988.69336,7.520834677998009e-06,3.7043740137062427e-09,24.451615606576976
175603347533.0479,7.705669441141703e-06,3.786045023161398e-09,23.494546270285607
177567406516.53186,7.86229224834451e-06,3.650851703547891e-09,23.56539631733818
170317704624.93683,7.68862102789429e-06,3.738123735590061e-09,23.773458997118137
165323114635.7082,8.096642241825306e-06,3.712836467358037e-09,23.854224061375174
162233726175.54523,7.952507247897217e-06,3.728591496936387e-09,23.845935930390638
168601227822.01328,7.916595393330187e-06,3.855455759388223e-09,23.815757851247422
167706839582.1998,8.037589449008825e-06,3.9910459316561405e-09,23.556251964115358
166181388185.52142,7.803764369319392e-06,3.893482292149991e-09,24.496166488704468
173649961235.27472,7.894847518388104e-06,3.851977142492053e-09,25.215356366670093
167179555758.654,7.843254475543159e-06,3.8416199351753115e-09,25.00250926762786
167497288340.88733,7.580437327665166e-06,4.0048244651831256e-09,24.76121715360396
167154425091.9909,7.629624669428717e-06,4.075684701278155e-09,24.686055812789917
164635838008.48227,7.370641238991264e-06,4.199903635702652e-09,24.18742372396133
171396578909.932,7.47332225797708e-06,4.018668747164417e-09,24.055777098615327
177283222719.32535,7.700220596562776e-06,3.8297955759525704e-09,23.78699578351179
189706787733.56827,7.856469594033554e-06,3.962086910123792e-09,23.512597941876642
184215179156.3413,7.724860118639736e-06,4.0230253044388535e-09,24.35459689686646
188391037729.97766,7.782625821431968e-06,3.920594188789725e-09,25.672143114427595
187597168401.9762,7.62505049801013e-06,3.8753820573070945e-09,25.42226872338661
182028343430.73135,7.5225986196038175e-06,3.728157745543148e-09,24.92210959971253
172949909345.21732,7.73768290941912e-06,3.958685685462984e-09,24.02238045227254
170048927560.64352,7.60375205015349e-06,3.903125161577215e-09,24.382761287329494
171064998244.5332,7.942236100924115e-06,3.679285226670277e-09,24.77268263719759
174384424447.8752,8.182807952200497e-06,3.5988975715947502e-09,24.156307338188284
179959240644.363,7.812211978900754e-06,3.712280729064894e-09,23.573014046821974
176105196373.80328,7.954967456843333e-06,3.803473112822198e-09,23.618091414460682
165489470162.40366,7.850810751286245e-06,3.969356560440228e-09,24.592031599708314
167339494421.3658,7.462123638711774e-06,4.1000262132813356e-09,24.73034058308599
169291563866.73453,7.931353418716443e-06,3.979621915002953e-09,24.805901732213528
167187433781.01974,8.235626232513731e-06,3.894725169097427e-09,25.822077729469118
174587458421.986,8.377449063614034e-06,3.9900515148210065e-09,26.71281136806056
179153637581.48758,8.019318142623656e-06,4.0305185688012365e-09,26.615848156583922
178721193811.75134,7.810532399304684e-06,4.132400483178925e-09,27.105932384481697
180787963501.8803,7.733586032489062e-06,4.092727953474636e-09,26.900915129764773
180157019640.17908,7.688602982631289e-06,4.080260926582376e-09,26.961166738936612
184932287787.4748,7.605706464030985e-06,4.053031297241492e-09,25.933065087175148
176338258614.62918,8.195746055235843e-06,3.772357757678583e-09,26.463116484314057
169314747759.77957,7.779867303422372e-06,4.063518592773628e-09,26.948816182988423
177119206384.7004,7.559925162088801e-06,3.955175431868744e-09,27.022051410655006
167014514567.00098,7.567685870824941e-06,4.132205827123555e-09,27.061879091706487
170512859674.09985,7.827530422080864e-06,3.921653582629168e-09,27.166572049953785
165340494353.86465,7.779529719502933e-06,4.224083218549387e-09,27.330094806467237
160447502707.18198,7.719320261966874e-06,4.325011566646221e-09,27.547744131123203
156301804161.90125,7.1285119111128165e-06,4.50109583155405e-09,28.216977128458655
157419795992.88678,7.278263784252817e-06,4.3636988687910464e-09,27.25533579449868
167607405253.19083,7.149356739571247e-06,4.131838102397702e-09,27.28202641209811
170379766356.7374,7.334181082923306e-06,4.074380026515722e-09,27.18867764152106
166014639264.6736,7.6948504109324e-06,4.26021191242823e-09,26.057434106290213
173853580187.93887,6.915549519551686e-06,4.107706795453344e-09,25.80662874961281
168867482457.0676,6.889057363305314e-06,4.319914799209257e-09,26.437973774486277
169824129218.31964,7.193094307321636e-06,4.431108481426113e-09,24.8345283412284
172031883005.41794,7.186889766305338e-06,4.34075886036871e-09,25.084852339555603
177958435415.72424,7.45389408944615e-06,4.19552986444945e-09,24.80597575167925
176613267705.08224,7.217760153223718e-06,4.186082480157288e-09,25.53880861769629
197130837017.88535,6.934964007753031e-06,4.231453022497926e-09,25.598193550097115
199760272049.06253,7.263071034332501e-06,4.27352981518735e-09,26.29229926431768
196763986117.51767,7.411891689357039e-06,4.422590282206744e-09,26.214817652290506
187779364609.26123,7.454853703550513e-06,4.4215147832432695e-09,27.422590786774116
188642423071.01407,7.0919569904577934e-06,4.5877698628125576e-09,27.59413780467688
192466385884.33478,6.9115090485231305e-06,4.79740072275384e-09,28.578019783812785
183023434635.6114,7.155880008435021e-06,4.943932202472284e-09,26.778260398825093
185045681979.3149,7.123655572273235e-06,4.761983544219662e-09,27.353769630833753
183202858568.90405,7.105334882302703e-06,4.730589064982804e-09,28.51326247788424
179811966564.86383,7.157732493966974e-06,4.3848783778956985e-09,28.033406276036416
180375983289.2106,7.044364849335431e-06,4.342813338519725e-09,26.96171114363191
175587560508.43936,7.431924873640743e-06,4.398275529207243e-09,26.762543216767227
179168966581.55368,7.42054380932777e-06,4.442839412469895e-09,26.618775887372216
173484450144.3021,7.4199659743134205e-06,4.578456957352986e-09,26.29517627944148
173737282028.40186,7.362881712949575e-06,4.556926497728816e-09,26.451898098308355
175044211218.90714,7.33507806894424e-06,4.620816397849092e-09,25.144702702218293
173641473354.36108,6.921669846933558e-06,4.581031501915523e-09,24.919871693231325
173577019039.90823,7.5113442317791725e-06,4.705780666127728e-09,26.091575873177376
183851134994.32346,7.191297505977972e-06,4.726930430689489e-09,26.73950727069384
193397095934.06427,6.776482034974052e-06,4.704769347479624e-09,27.177115167728267
188516582513.48737,6.995233395572544e-06,4.755117027416719e-09,25.868404453139636
187260076715.005,6.912367464575257e-06,4.804108231768743e-09,25.574028308050394
184035255739.852,6.8489866518436626e-06,4.704582704526989e-09,26.239977042373127
184505123370.45737,6.908878776319791e-06,4.629350911871291e-09,26.235369162044403
192451146606.56943,7.052957596577463e-06,4.496168579133116e-09,24.93801754497826
183146307512.02615,7.084803301874264e-06,4.593684434476967e-09,25.668809574922026
183645253537.8832,7.091111273013282e-06,4.782233180609645e-09,26.22259497056385
175960975010.72678,6.870918036206599e-06,4.817830268056612e-09,26.38134123638114
182033098392.05383,6.823783686520331e-06,4.8740831585177e-09,26.403331568041747
190323599298.24286,6.793946572364306e-06,4.823611644640873e-09,25.702460008343106
183963219492.23053,7.090542572204578e-06,4.897900141454969e-09,25.665157000437862
188461338749.6044,6.931847546339868e-06,4.916648399026439e-09,25.762086406835262
186699660332.67258,6.845342687751116e-06,4.834978747335312e-09,26.032132194169915
184109476410.5708,6.6312741005991394e-06,4.946135793966831e-09,25.662756459013156
176500940597.27783,6.635032892777137e-06,5.215028207319883e-09,25.530386298838156
187900283567.90564,6.760824656432615e-06,5.06507860657417e-09,25.974629595380897
185465262570.02017,6.612594963561782e-06,5.2239899477732665e-09,25.237579245608604
181223926507.576,6.72817917902848e-06,5.145195434670542e-09,24.887703400689304
178428703512.97388,6.7725406580433146e-06,4.901709340195258e-09,24.627213916859127
188705800074.01352,6.714895256194424e-06,4.909283527648082e-09,24.08075714728252
181222818268.9386,6.614094767003093e-06,4.994385545111562e-09,23.397644781387957
188159119183.51724,6.5596107202035545e-06,5.179573837612092e-09,23.267605361800662
184012683057.08328,6.527454574095173e-06,5.402958133930739e-09,24.45065606331621
184569962355.39282,6.620012966449704e-06,5.301177671827037e-09,24.277876869174968
186298638896.94672,6.764340907763913e-06,5.067766279895109e-09,25.635062876644074
194612620354.69437,6.564682625950711e-06,5.066676736468215e-09,25.779673434439584
189936646293.02655,6.788278247690108e-06,5.123240431036785e-09,26.05185721584253
186030569960.60727,6.549307128209189e-06,5.146403212414975e-09,26.82007397080248
183965744119.46808,6.737513369404748e-06,5.287684130887657e-09,25.56931260494079
179379357579.0282,7.010237352216972e-06,5.1528388169081315e-09,25.720514444530863
170093429049.2242,6.601584171729727e-06,5.1241906808802095e-09,26.29307105782025
166292889491.25897,6.982447469326527e-06,4.832950754742472e-09,26.044929936861248
174458537967.1475,6.986880989154924e-06,4.8289324322365095e-09,26.092523782743747
173605185041.84103,7.1698878818890485e-06,4.709606317543548e-09,26.262520706615426
174501782718.38266,7.508335786455326e-06,4.524017351381105e-09,25.1599723126847
173323963420.0614,7.840160371352955e-06,4.07592952386915e-09,24.467578936305998
171665224867.65765,7.866360413486435e-06,4.0285445577320175e-09,22.856026393443603
174500752741.9986,7.649044530668252e-06,4.026330971432234e-09,23.232950112897715
170127950099.0583,7.88526154100659e-06,3.756551353086053e-09,23.412533773150855
174199526193.69757,7.668529831873667e-06,3.804484575161934e-09,22.898255965650556
182343813577.0092,7.543406984763606e-06,3.763142398448474e-09,23.353372895786887
174975895321.98126,7.380988914013166e-06,3.919589404849395e-09,24.423518301450013
183836964148.44028,7.874914377375531e-06,3.7491290776095286e-09,24.498623417861097
183679869051.97736,8.273186500642609e-06,3.6392827631024027e-09,24.854902903683847
178410975613.0292,8.131838391695426e-06,3.767772164955789e-09,23.53790068512319
186480036208.3028,7.845689833888788e-06,3.911588633656483e-09,23.982447524490482
189031517963.00534,7.745320365464676e-06,3.915523927928701e-09,24.387651008358162
177514870716.13815,7.819730527902757e-06,3.910921610919442e-09,23.349658497303846
193715135199.287,7.800963449068785e-06,3.845815410561938e-09,25.229833953960405
184570570503.36984,7.572085946834441e-06,3.837568140014783e-09,24.75522110032002
189332181757.4539,7.650180401009257e-06,3.941262959929081e-09,25.867859452331267
185590567448.26465,7.713690265004611e-06,3.88185730733542e-09,26.231481833491788
183742740067.121,7.831439013487466e-06,3.862026901766308e-09,26.355524448497537
185037816175.564,7.700890252460952e-06,3.929793666387766e-09,25.505648162427033
185348072751.81122,7.660024875842539e-06,4.18195473038017e-09,26.069381190869773
193376229510.26447,7.363419447890709e-06,4.281035154207718e-09,26.047537899050692
188751594081.03015,7.146544274080033e-06,4.266345659882587e-09,25.74316784914657
187677914730.88254,7.352609715234743e-06,4.363506225165804e-09,25.232814235568146
189197555932.11176,7.577948947975177e-06,4.293494880095914e-09,25.69745376767498
188996437526.95822,7.420009497608332e-06,4.492574923264971e-09,25.69561605610994
193030933048.125,7.487449231728936e-06,4.455260788289924e-09,24.594672350096392
191481637859.6604,6.921147232892805e-06,4.490292756782438e-09,23.593546724222517
186331677099.53772,6.828136878390786e-06,4.569854659979281e-09,23.85811945856445
186618015424.9664,6.898184461475422e-06,4.777824616434387e-09,24.08170873066442
190219383713.32892,7.181582668545989e-06,4.861228364738916e-09,24.10804442775771
181119378669.90826,7.215741051029163e-06,4.801094049236712e-09,25.365424894082217
181181348834.13678,7.109428239838808e-06,4.659282396366328e-09,24.69933623036527
190444204697.18158,7.116185349283495e-06,4.6082077689416674e-09,23.5855978166947
198913959118.47433,7.015909915560652e-06,4.574739974969253e-09,24.526725942259592
193365207080.59625,6.598683530459556e-06,4.836350949831241e-09,24.530157271190184
196897986079.6039,6.998961391861311e-06,4.8409637127673724e-09,24.518518570557863
199981675018.5982,6.894012913706466e-06,4.820742873880117e-09,24.300953225361873
195804765665.71436,6.773175824673375e-06,4.8403265857019884e-09,24.392476732792176
192403441347.32736,7.009975078368494e-06,4.993667830273534e-09,25.379196995550107
192206069310.04214,6.748689955296089e-06,5.104329780980658e-09,26.145436066937872
197230588964.76068,6.54064487671089e-06,4.9291312203729145e-09,26.457049018620843
196660511948.16025,6.9252377478965946e-06,4.800388644921563e-09,26.809377722703704
193851030034.4641,6.603940517418818e-06,4.926125647532482e-09,26.454812183670533
195087336849.3631,6.808146561300748e-06,4.9391318186818305e-09,25.148997423368442
190901045773.67572,6.7224852052826e-06,4.815858437347459e-09,25.848843258511575
194507766700.76715,6.710215770471918e-06,4.615541181513965e-09,24.68965296725763
190235273646.98804,6.951778348772193e-06,4.554188369848301e-09,24.913430459668547
185753851532.755,6.819231069639593e-06,4.690436952504854e-09,24.904254531879523
189800802876.3056,6.5328656893725565e-06,4.956864536811064e-09,25.60419300067479
188214688608.10928,6.576433763402073e-06,5.032225158754148e-09,25.22100082984223
184278798589.80023,6.684027099192075e-06,5.078324910421382e-09,25.71757343966795
184318019932.32697,6.528557632370036e-06,4.961098948383522e-09,25.687794761835907
185839391748.7166,6.743472883579819e-06,4.512717331551931e-09,25.984739896810417
182319882382.75443,7.000692573654581e-06,4.721716902376447e-09,25.530352907643323
186299763098.4676,7.17247409340479e-06,4.83542480176297e-09,24.83611205523453
180759886418.56277,6.589788980883881e-06,4.537000698346271e-09,26.162545659401417
181731804634.7064,6.598523541947788e-06,4.910225650037669e-09,25.49195344909789
176600473555.49802,6.554255486157358e-06,5.042881437749553e-09,25.544974383867302
182419717787.04337,6.794127716585797e-06,5.107367004693858e-09,25.706072578850456
177827116173.30927,6.52973675787116e-06,5.006029018248685e-09,24.72379865023968
188560327201.77246,6.62951441194165e-06,5.2116404056110185e-09,24.331876312400922
188560327201.77246,6.62951441194165e-06,5.2116404056110185e-09,24.331876312400922
196760123504.68787,6.685208724416992e-06,4.916643248367164e-09,23.690114377831573
196629338618.8951,6.8114589398070015e-06,4.833101131520433e-09,23.840746011567763
192096590857.23334,6.846690656413368e-06,4.95595872953191e-09,24.2540044830606
192418628280.99228,6.8199437646594444e-06,4.962479584793202e-09,23.977089598634166
180936276532.10104,6.830439650685712e-06,4.852580794755401e-09,22.827226085243286
174869714651.76346,7.148135498421231e-06,4.873733669978764e-09,22.941751021218117
178866043944.37506,7.294807685890523e-06,4.795543460445989e-09,23.211248647124552
185383864975.07562,7.183555210238521e-06,4.670518220352766e-09,23.962839779704435
185217858821.67627,7.280451729878026e-06,4.480773210307955e-09,24.642310280433822
180033230105.95593,7.528278692231504e-06,4.6185815184804206e-09,24.306594672761275
176803684563.0119,7.403076058476006e-06,4.649727750691971e-09,24.049302233262473
174652949037.66977,7.271925090277102e-06,4.511795104910634e-09,24.51565328188872
174862587333.8766,7.521330184110341e-06,4.529458506021612e-09,24.12502556048012
180490122857.0827,7.627648165904326e-06,4.49222682856635e-09,23.266337244841324
181278582680.6289,7.5994341638328544e-06,4.363810326776469e-09,23.285653544266584
176092717153.48285,7.609096462832852e-06,4.3159566379203885e-09,23.034442873785082
174115213925.19135,7.4891646211031005e-06,3.992190087050413e-09,23.235748689461758
176912046727.23618,7.591946713154774e-06,4.192090322937137e-09,21.53085713844986
173821292130.5969,7.779389787934237e-06,4.309406401665836e-09,21.92132468801895
166022083093.82007,7.258430092047513e-06,4.375449355628534e-09,22.514984634366705
171145498677.74838,7.0335129419705235e-06,4.403073873492628e-09,23.213491712276213
168305717865.21655,6.868485001577408e-06,4.4793919539651126e-09,23.391384610832215
168234914750.9588,7.411493370727127e-06,4.285785549148107e-09,23.19146422138345
169980278610.1804,7.3185618180762684e-06,4.318051512051916e-09,23.89707585022578
172224429095.08902,7.333164944850375e-06,4.2655543233979635e-09,25.44611985453603
176163477971.6725,7.200809842542067e-06,4.3003293659706635e-09,25.39828621287946
177127248972.92953,7.212494560696167e-06,4.286897365620072e-09,24.27741604053936
171605609191.88922,7.342045252622392e-06,4.228573705459159e-09,24.986782349584836
172809137066.7077,7.659122324941105e-06,4.1414737033346654e-09,25.94091537541999
176366608616.00592,7.881042683709128e-06,4.086630090681972e-09,25.48623615080906
182795090326.3441,7.786900593486536e-06,4.198371704417637e-09,25.827897570081443
185989952352.35065,7.603596379853234e-06,4.1652367729257406e-09,25.71151943552475
183910914419.67413,8.193813577699873e-06,3.95322145964844e-09,24.903275030706737
177405209040.4602,8.163781337030694e-06,3.784551549467428e-09,25.34261048537357
183440031649.73813,8.099980958362825e-06,3.747596720324314e-09,24.947779560938613
181791132012.47882,7.809362750836896e-06,3.64629747690184e-09,25.010766891063824
177802509763.81537,8.185001835325757e-06,3.998557944691078e-09,25.826109015227452
178452739433.22177,7.972649696679134e-06,3.9937051933941765e-09,25.423098779336208
172707002688.36542,7.418541384922311e-06,3.967863885736137e-09,24.93574441192838
176418137481.24472,7.552185665538868e-06,4.073928760771267e-09,25.577924035629596
171047053982.7369,7.15226479037201e-06,3.9878290754067425e-09,24.74741831104373
163078819401.1323,7.431874562135735e-06,4.2648646777553386e-09,23.86106598141433
162390866665.07672,7.711667764018298e-06,4.208126585635924e-09,23.598864126817727
166857913342.94287,7.684620402322575e-06,4.218192554447575e-09,23.71766415899166
174766902678.2412,7.2422538346412125e-06,4.266912082179669e-09,23.939842857870307
178109861587.7356,7.342394937703181e-06,4.637649941752644e-09,24.159426541391994
173447351421.1267,6.906351169731642e-06,4.68922365376998e-09,23.456742227233235
173735737133.3058,6.945645903174701e-06,4.651861493841558e-09,24.154528864765815
175037579403.86343,7.022849841985499e-06,4.859902952841749e-09,24.001768834915055
176122700664.57437,7.197387003606171e-06,4.979970029847859e-09,24.71351211205218
176846362367.73404,7.15077641924837e-06,4.847241572332571e-09,25.208914387965343
181019029196.48322,7.053292753446698e-06,4.811181093908073e-09,25.390618377102914
183259231741.37985,7.228199601357709e-06,4.807764527582938e-09,26.362577544663207
187349360160.57016,6.787260521598794e-06,4.7143509352280004e-09,27.15698869043853
192909410190.11072,7.216536435745729e-06,4.6697538477217675e-09,26.46599801232205
194693071463.4452,6.6141425230703005e-06,4.646076953435944e-09,27.343360330730864
198624077300.84247,6.703359009108166e-06,4.4924472196094745e-09,28.814042983943942
201124597461.22925,7.149504999330295e-06,4.568743057278396e-09,28.225899616082216
206855611901.05463,7.0858195137039495e-06,4.619506391571923e-09,28.089781670319994
203951598797.0243,6.5294530074448035e-06,4.697360831481296e-09,27.195525446539534
195369339557.04428,6.626163081963318e-06,4.784916273936663e-09,27.685181117212924
197774175160.16495,6.661685420116298e-06,4.718735589097016e-09,27.75643064592512
205086338898.52484,7.147813273394871e-06,4.591702148973883e-09,27.42118395355379
197717596044.76163,7.812577583874192e-06,4.3092548478893354e-09,26.6148963689346
201888383808.47836,7.533856188265285e-06,4.329275893846323e-09,25.243061433156257
194721895377.63937,7.0448629855557315e-06,4.290102590374133e-09,25.635746106173986
199980183623.57278,7.04282755003758e-06,4.348054373502079e-09,25.45634562625533
200715555275.70813,7.10510861244659e-06,4.334113013469469e-09,26.46465406549058
197177012027.63266,7.380385257124703e-06,4.31350942906319e-09,26.61137838470472
199953305941.4054,7.183205786357702e-06,4.1816556762233965e-09,26.43286786711355
200570919566.62787,7.481323644601468e-06,4.10070877503443e-09,25.945599246366434
192853808916.77573,7.883757272014795e-06,4.1208877341363525e-09,26.12865401348938
192363592093.55444,7.550786441421671e-06,3.9815762145681025e-09,25.335944756644285
192032465978.77777,7.773690966330673e-06,3.981204695006483e-09,25.703661515317638
194802796076.05096,7.459109486842793e-06,3.998173225885944e-09,24.86338475620809
191778673385.86945,7.615948770259576e-06,4.416685137033362e-09,24.754848352683183
196038782852.7091,7.671649223717983e-06,4.333252714093426e-09,24.312858219341223
194376945126.21725,7.3057778959512e-06,4.402251196737766e-09,24.263454404749904
190248068146.60953,7.590090024458228e-06,4.339749804028755e-09,23.77450731262416
180260985014.21832,7.828988996874732e-06,4.4090772011028185e-09,24.343805222767237
185161285496.53058,7.446732850019367e-06,4.374679242102152e-09,24.559434378325715
185862425453.0601,7.130966978603364e-06,4.40802626564544e-09,24.797997088126007
190778067235.46896,6.949611635066092e-06,4.2820913162417195e-09,25.088132472417573
192028317039.1523,7.341134904442986e-06,4.369713174591213e-09,25.221585774989897
180655505254.92392,6.965865179493491e-06,4.5356847157129885e-09,25.049292445014764
181405150581.8355,6.9908040279037125e-06,4.578057751502153e-09,25.139259907154855
185041258573.67654,7.183852487359692e-06,4.80753011496717e-09,25.36550326030589
176677789248.25433,6.9830191211194834e-06,4.761744908226368e-09,25.570727483801885
174803395832.05634,6.7999896317516285e-06,4.8666000593806175e-09,25.13537238279343
173570979418.0289,6.736193640844793e-06,4.831411307256569e-09,24.18825179212873
173858084154.8207,6.7418224451805395e-06,4.740323952152725e-09,24.13311693197243
168867880898.14532,7.17870604066075e-06,4.810484612448401e-09,23.759584036336012
177177064657.8779,7.249475800590429e-06,4.7224480102808075e-09,23.61990794433521
179470352301.68018,7.06453559575354e-06,4.607292112804621e-09,23.538888658191244
180281286454.78973,7.055144965199639e-06,4.7483327525514e-09,23.308429255576353
182297242405.53485,6.5388735523867925e-06,4.796570353548025e-09,23.650072989659094
179233786414.50748,6.6504302031950356e-06,4.522824376784693e-09,23.639974341617872
173454625736.63763,6.683990301484689e-06,4.6108820685943695e-09,23.234219624915834
166779659787.124,7.1787736451160086e-06,4.7686835709956385e-09,24.394129711997362
162462982984.19858,6.861034670778457e-06,4.7573381786898954e-09,23.833605999482387
163361006947.2343,7.023324724821532e-06,4.561874105340013e-09,22.51498321221607
156656098730.5626,7.175479312570025e-06,4.6510039438562634e-09,22.347442954862082
169188391512.47485,6.957772079782298e-06,4.600791963864379e-09,21.71770971419054
